TABLE_SCHEMA,TABLE_NAME,COLUMN_NAME,DATA_TYPE,ORDINAL_POSITION
S_ANALYTICS,BRASS_TACKS_TABLEAU,EMPLOYEE_ID,TEXT,10
S_ANALYTICS,BRASS_TACKS_TABLEAU,MANAGER_EMPLOYEE_ID,TEXT,15
S_ANALYTICS,BRASS_TACKS_TABLEAU,MANAGER,TEXT,16
S_ANALYTICS,BRASS_TACKS_TABLEAU,EMPLOYEE_UNION,TEXT,17
S_ANALYTICS,BRASS_TACKS_TABLEAU,LOCATION,TEXT,19
S_ANALYTICS,BRASS_TACKS_TABLEAU,INDIVIDUAL_CONTRIBUTOR_MANAGER,TEXT,27
S_ANALYTICS,BRASS_TACKS_TABLEAU,EMPLOYEE_TYPE,TEXT,38
S_ANALYTICS,BRASS_TACKS_TABLEAU,MANAGER_ID_LEVEL_01,TEXT,41
S_ANALYTICS,BRASS_TACKS_TABLEAU,MANAGER_LEVEL_01,TEXT,42
S_ANALYTICS,BRASS_TACKS_TABLEAU,MANAGER_ID_LEVEL_02,TEXT,43
S_ANALYTICS,BRASS_TACKS_TABLEAU,MANAGER_LEVEL_02,TEXT,44
S_ANALYTICS,BRASS_TACKS_TABLEAU_WD_PROD,EMPLOYEE_ID,TEXT,10
S_ANALYTICS,BRASS_TACKS_TABLEAU_WD_PROD,MANAGER_EMPLOYEE_ID,NUMBER,15
S_ANALYTICS,BRASS_TACKS_TABLEAU_WD_PROD,MANAGER,TEXT,16
S_ANALYTICS,BRASS_TACKS_TABLEAU_WD_PROD,EMPLOYEE_UNION,TEXT,17
S_ANALYTICS,BRASS_TACKS_TABLEAU_WD_PROD,LOCATION,TEXT,19
S_ANALYTICS,BRASS_TACKS_TABLEAU_WD_PROD,INDIVIDUAL_CONTRIBUTOR_MANAGER,TEXT,27
S_ANALYTICS,BRASS_TACKS_TABLEAU_WD_PROD,EMPLOYEE_TYPE,TEXT,38
S_ANALYTICS,BRASS_TACKS_TABLEAU_WD_PROD,MANAGER_ID_LEVEL_01,TEXT,41
S_ANALYTICS,BRASS_TACKS_TABLEAU_WD_PROD,MANAGER_LEVEL_01,TEXT,42
S_ANALYTICS,BRASS_TACKS_TABLEAU_WD_PROD,MANAGER_ID_LEVEL_02,TEXT,43
S_ANALYTICS,BRASS_TACKS_TABLEAU_WD_PROD,MANAGER_LEVEL_02,TEXT,44
S_ANALYTICS,BRASS_TACKS_TABLEAU_WD_PROD,MANAGER_ID_LEVEL_03,TEXT,45
S_ANALYTICS,BRASS_TACKS_TABLEAU_WD_PROD,MANAGER_LEVEL_03,TEXT,46
S_ANALYTICS,BRASS_TACKS_TABLEAU_WD_PROD,MANAGER_ID_LEVEL_04,TEXT,47
S_ANALYTICS,BRASS_TACKS_TABLEAU_WD_PROD,MANAGER_LEVEL_04,TEXT,48
S_ANALYTICS,EMPLOYEE_BADGING,EMPLOYEEID,TEXT,1
S_ANALYTICS,EMPLOYEE_BADGING,EMPLOYEENAME,TEXT,2
S_ANALYTICS,EMPLOYEE_BADGING,SITE,TEXT,3
S_ANALYTICS,EMPLOYEE_BADGING,BADGE_SCANNER_LOCATION,TEXT,4
S_ANALYTICS,EMPLOYEE_TIMEZONE,EMPLOYEE_ID,NUMBER,1
S_ANALYTICS,EMPLOYEE_TIMEZONE,USER_NAME,TEXT,2
S_ANALYTICS,EMPLOYEE_TIMEZONE,EMPLOYEE_NAME,TEXT,3
S_ANALYTICS,EMPLOYEE_TIMEZONE,MANAGER_LEVEL_1,TEXT,4
S_ANALYTICS,EMPLOYEE_TIMEZONE,MANAGER_LEVEL_1_USERNAME,TEXT,5
S_ANALYTICS,EMPLOYEE_TIMEZONE,LOCATION,TEXT,10
S_ANALYTICS,FC_EMPLOYEE_MONTHLY_REVIEW,EMPLOYEE_ID,NUMBER,1
S_ANALYTICS,FC_EMPLOYEE_MONTHLY_REVIEW,EMPLOYEE_NAME,TEXT,2
S_ANALYTICS,FC_EMPLOYEE_MONTHLY_REVIEW,LOCATION,TEXT,4
S_ANALYTICS,FC_EMPLOYEE_MONTHLY_REVIEW,MANAGER_ID,NUMBER,8
S_ANALYTICS,FC_EMPLOYEE_MONTHLY_REVIEW,MANAGER_NAME,TEXT,9
S_ANALYTICS,MANAGER_HIERARCHY_DAY_END,EMPLOYEE_ID,NUMBER,1
S_ANALYTICS,MANAGER_HIERARCHY_DAY_END,EMPLOYEE_USERNAME,TEXT,2
S_ANALYTICS,MANAGER_HIERARCHY_DAY_END,EMPLOYEE_NAME,TEXT,3
S_ANALYTICS,MANAGER_HIERARCHY_DAY_END,MANAGER_EMPLOYEE_ID,NUMBER,4
S_ANALYTICS,MANAGER_HIERARCHY_DAY_END,MANAGER_USERNAME,TEXT,5
S_ANALYTICS,MANAGER_HIERARCHY_DAY_END,MANAGER_NAME,TEXT,6
S_ANALYTICS,MANAGER_HIERARCHY_DAY_END,SENIOR_LEADERSHIP_TEAM_USERNAME,TEXT,18
S_ANALYTICS,MANAGER_HIERARCHY_DAY_END,MANAGER_HIERARCHY,ARRAY,19
S_ANALYTICS,MANAGER_HIERARCHY_DAY_END,MANAGER_HIERARCHY_ID,ARRAY,20
S_ANALYTICS,MANAGER_HIERARCHY_DAY_END,MANAGER_HIERARCHY_USERNAME,ARRAY,21
S_ANALYTICS,MANAGER_HIERARCHY_DAY_END,MANAGER_LEVEL_00,TEXT,22
S_ANALYTICS,MANAGER_HIERARCHY_DAY_END,MANAGER_ID_LEVEL_00,TEXT,23
S_ANALYTICS,MANAGER_HIERARCHY_DAY_END,MANAGER_USERNAME_LEVEL_00,TEXT,24
S_ANALYTICS,MANAGER_HIERARCHY_DAY_END,MANAGER_LEVEL_01,TEXT,25
S_ANALYTICS,MANAGER_HIERARCHY_DAY_END,MANAGER_ID_LEVEL_01,TEXT,26
S_ANALYTICS,MANAGER_HIERARCHY_DAY_END,MANAGER_USERNAME_LEVEL_01,TEXT,27
S_ANALYTICS,MANAGER_HIERARCHY_DAY_END,MANAGER_LEVEL_02,TEXT,28
S_ANALYTICS,MANAGER_HIERARCHY_DAY_END,MANAGER_ID_LEVEL_02,TEXT,29
S_ANALYTICS,MANAGER_HIERARCHY_DAY_END,MANAGER_USERNAME_LEVEL_02,TEXT,30
S_ANALYTICS,MANAGER_HIERARCHY_DAY_END,MANAGER_LEVEL_03,TEXT,31
S_ANALYTICS,MANAGER_HIERARCHY_DAY_END,MANAGER_ID_LEVEL_03,TEXT,32
S_ANALYTICS,MANAGER_HIERARCHY_DAY_END,MANAGER_USERNAME_LEVEL_03,TEXT,33
S_ANALYTICS,MANAGER_HIERARCHY_DAY_END,MANAGER_LEVEL_04,TEXT,34
S_ANALYTICS,MANAGER_HIERARCHY_DAY_END,MANAGER_ID_LEVEL_04,TEXT,35
S_ANALYTICS,MANAGER_HIERARCHY_DAY_END,MANAGER_USERNAME_LEVEL_04,TEXT,36
S_ANALYTICS,MANAGER_HIERARCHY_DAY_END,MANAGER_LEVEL_05,TEXT,37
S_ANALYTICS,MANAGER_HIERARCHY_DAY_END,MANAGER_ID_LEVEL_05,TEXT,38
S_ANALYTICS,MANAGER_HIERARCHY_DAY_END,MANAGER_USERNAME_LEVEL_05,TEXT,39
S_ANALYTICS,MANAGER_HIERARCHY_DAY_END,MANAGER_LEVEL_06,TEXT,40
S_ANALYTICS,MANAGER_HIERARCHY_DAY_END,MANAGER_ID_LEVEL_06,TEXT,41
S_ANALYTICS,MANAGER_HIERARCHY_DAY_END,MANAGER_USERNAME_LEVEL_06,TEXT,42
S_ANALYTICS,MANAGER_HIERARCHY_DAY_END,MANAGER_LEVEL_07,TEXT,43
S_ANALYTICS,MANAGER_HIERARCHY_DAY_END,MANAGER_ID_LEVEL_07,TEXT,44
S_ANALYTICS,MANAGER_HIERARCHY_DAY_END,MANAGER_USERNAME_LEVEL_07,TEXT,45
S_ANALYTICS,MANAGER_HIERARCHY_DAY_END,MANAGER_LEVEL_08,TEXT,46
S_ANALYTICS,MANAGER_HIERARCHY_DAY_END,MANAGER_ID_LEVEL_08,TEXT,47
S_ANALYTICS,MANAGER_HIERARCHY_DAY_END,MANAGER_USERNAME_LEVEL_08,TEXT,48
S_ANALYTICS,MANAGER_HIERARCHY_DAY_END,MANAGER_LEVEL_09,TEXT,49
S_ANALYTICS,MANAGER_HIERARCHY_DAY_END,MANAGER_ID_LEVEL_09,TEXT,50
S_ANALYTICS,MANAGER_HIERARCHY_DAY_END,MANAGER_USERNAME_LEVEL_09,TEXT,51
S_ANALYTICS,MANAGER_HIERARCHY_DAY_END,MANAGER_LEVEL_10,TEXT,52
S_ANALYTICS,MANAGER_HIERARCHY_DAY_END,MANAGER_ID_LEVEL_10,TEXT,53
S_ANALYTICS,MANAGER_HIERARCHY_DAY_END,MANAGER_USERNAME_LEVEL_10,TEXT,54
S_ANALYTICS,MANAGER_HIERARCHY_DAY_END,MANAGER_LEVEL_11,TEXT,55
S_ANALYTICS,MANAGER_HIERARCHY_DAY_END,MANAGER_ID_LEVEL_11,TEXT,56
S_ANALYTICS,MANAGER_HIERARCHY_DAY_END,MANAGER_USERNAME_LEVEL_11,TEXT,57
S_ANALYTICS,MANAGER_HIERARCHY_PERIOD_END,EMPLOYEE_ID,NUMBER,1
S_ANALYTICS,MANAGER_HIERARCHY_PERIOD_END,EMPLOYEE_USERNAME,TEXT,2
S_ANALYTICS,MANAGER_HIERARCHY_PERIOD_END,EMPLOYEE_NAME,TEXT,3
S_ANALYTICS,MANAGER_HIERARCHY_PERIOD_END,MANAGER_EMPLOYEE_ID,NUMBER,4
S_ANALYTICS,MANAGER_HIERARCHY_PERIOD_END,MANAGER_USERNAME,TEXT,5
S_ANALYTICS,MANAGER_HIERARCHY_PERIOD_END,MANAGER_NAME,TEXT,6
S_ANALYTICS,MANAGER_HIERARCHY_PERIOD_END,SENIOR_LEADERSHIP_TEAM_USERNAME,TEXT,15
S_ANALYTICS,MANAGER_HIERARCHY_PERIOD_END,MANAGER_HIERARCHY,ARRAY,16
S_ANALYTICS,MANAGER_HIERARCHY_PERIOD_END,MANAGER_HIERARCHY_ID,ARRAY,17
S_ANALYTICS,MANAGER_HIERARCHY_PERIOD_END,MANAGER_HIERARCHY_USERNAME,ARRAY,18
S_ANALYTICS,MANAGER_HIERARCHY_PERIOD_END,MANAGER_LEVEL_00,TEXT,19
S_ANALYTICS,MANAGER_HIERARCHY_PERIOD_END,MANAGER_ID_LEVEL_00,TEXT,20
S_ANALYTICS,MANAGER_HIERARCHY_PERIOD_END,MANAGER_USERNAME_LEVEL_00,TEXT,21
S_ANALYTICS,MANAGER_HIERARCHY_PERIOD_END,MANAGER_LEVEL_01,TEXT,22
S_ANALYTICS,MANAGER_HIERARCHY_PERIOD_END,MANAGER_ID_LEVEL_01,TEXT,23
S_ANALYTICS,MANAGER_HIERARCHY_PERIOD_END,MANAGER_USERNAME_LEVEL_01,TEXT,24
S_ANALYTICS,MANAGER_HIERARCHY_PERIOD_END,MANAGER_LEVEL_02,TEXT,25
S_ANALYTICS,MANAGER_HIERARCHY_PERIOD_END,MANAGER_ID_LEVEL_02,TEXT,26
S_ANALYTICS,MANAGER_HIERARCHY_PERIOD_END,MANAGER_USERNAME_LEVEL_02,TEXT,27
S_ANALYTICS,MANAGER_HIERARCHY_PERIOD_END,MANAGER_LEVEL_03,TEXT,28
S_ANALYTICS,MANAGER_HIERARCHY_PERIOD_END,MANAGER_ID_LEVEL_03,TEXT,29
S_ANALYTICS,MANAGER_HIERARCHY_PERIOD_END,MANAGER_USERNAME_LEVEL_03,TEXT,30
S_ANALYTICS,MANAGER_HIERARCHY_PERIOD_END,MANAGER_LEVEL_04,TEXT,31
S_ANALYTICS,MANAGER_HIERARCHY_PERIOD_END,MANAGER_ID_LEVEL_04,TEXT,32
S_ANALYTICS,MANAGER_HIERARCHY_PERIOD_END,MANAGER_USERNAME_LEVEL_04,TEXT,33
S_ANALYTICS,MANAGER_HIERARCHY_PERIOD_END,MANAGER_LEVEL_05,TEXT,34
S_ANALYTICS,MANAGER_HIERARCHY_PERIOD_END,MANAGER_ID_LEVEL_05,TEXT,35
S_ANALYTICS,MANAGER_HIERARCHY_PERIOD_END,MANAGER_USERNAME_LEVEL_05,TEXT,36
S_ANALYTICS,MANAGER_HIERARCHY_PERIOD_END,MANAGER_LEVEL_06,TEXT,37
S_ANALYTICS,MANAGER_HIERARCHY_PERIOD_END,MANAGER_ID_LEVEL_06,TEXT,38
S_ANALYTICS,MANAGER_HIERARCHY_PERIOD_END,MANAGER_USERNAME_LEVEL_06,TEXT,39
S_ANALYTICS,MANAGER_HIERARCHY_PERIOD_END,MANAGER_LEVEL_07,TEXT,40
S_ANALYTICS,MANAGER_HIERARCHY_PERIOD_END,MANAGER_ID_LEVEL_07,TEXT,41
S_ANALYTICS,MANAGER_HIERARCHY_PERIOD_END,MANAGER_USERNAME_LEVEL_07,TEXT,42
S_ANALYTICS,MANAGER_HIERARCHY_PERIOD_END,MANAGER_LEVEL_08,TEXT,43
S_ANALYTICS,MANAGER_HIERARCHY_PERIOD_END,MANAGER_ID_LEVEL_08,TEXT,44
S_ANALYTICS,MANAGER_HIERARCHY_PERIOD_END,MANAGER_USERNAME_LEVEL_08,TEXT,45
S_ANALYTICS,MANAGER_HIERARCHY_PERIOD_END,MANAGER_LEVEL_09,TEXT,46
S_ANALYTICS,MANAGER_HIERARCHY_PERIOD_END,MANAGER_ID_LEVEL_09,TEXT,47
S_ANALYTICS,MANAGER_HIERARCHY_PERIOD_END,MANAGER_USERNAME_LEVEL_09,TEXT,48
S_ANALYTICS,MANAGER_HIERARCHY_PERIOD_END,MANAGER_LEVEL_10,TEXT,49
S_ANALYTICS,MANAGER_HIERARCHY_PERIOD_END,MANAGER_ID_LEVEL_10,TEXT,50
S_ANALYTICS,MANAGER_HIERARCHY_PERIOD_END,MANAGER_USERNAME_LEVEL_10,TEXT,51
S_ANALYTICS,MANAGER_HIERARCHY_PERIOD_END,MANAGER_LEVEL_11,TEXT,52
S_ANALYTICS,MANAGER_HIERARCHY_PERIOD_END,MANAGER_ID_LEVEL_11,TEXT,53
S_ANALYTICS,MANAGER_HIERARCHY_PERIOD_END,MANAGER_USERNAME_LEVEL_11,TEXT,54
S_ANALYTICS,MANAGER_HIERARCHY_WEEK_END,EMPLOYEE_ID,NUMBER,1
S_ANALYTICS,MANAGER_HIERARCHY_WEEK_END,EMPLOYEE_USERNAME,TEXT,2
S_ANALYTICS,MANAGER_HIERARCHY_WEEK_END,EMPLOYEE_NAME,TEXT,3
S_ANALYTICS,MANAGER_HIERARCHY_WEEK_END,MANAGER_EMPLOYEE_ID,NUMBER,4
S_ANALYTICS,MANAGER_HIERARCHY_WEEK_END,MANAGER_USERNAME,TEXT,5
S_ANALYTICS,MANAGER_HIERARCHY_WEEK_END,MANAGER_NAME,TEXT,6
S_ANALYTICS,MANAGER_HIERARCHY_WEEK_END,SENIOR_LEADERSHIP_TEAM_USERNAME,TEXT,15
S_ANALYTICS,MANAGER_HIERARCHY_WEEK_END,MANAGER_HIERARCHY,ARRAY,16
S_ANALYTICS,MANAGER_HIERARCHY_WEEK_END,MANAGER_HIERARCHY_ID,ARRAY,17
S_ANALYTICS,MANAGER_HIERARCHY_WEEK_END,MANAGER_HIERARCHY_USERNAME,ARRAY,18
S_ANALYTICS,MANAGER_HIERARCHY_WEEK_END,MANAGER_LEVEL_00,TEXT,19
S_ANALYTICS,MANAGER_HIERARCHY_WEEK_END,MANAGER_ID_LEVEL_00,TEXT,20
S_ANALYTICS,MANAGER_HIERARCHY_WEEK_END,MANAGER_USERNAME_LEVEL_00,TEXT,21
S_ANALYTICS,MANAGER_HIERARCHY_WEEK_END,MANAGER_LEVEL_01,TEXT,22
S_ANALYTICS,MANAGER_HIERARCHY_WEEK_END,MANAGER_ID_LEVEL_01,TEXT,23
S_ANALYTICS,MANAGER_HIERARCHY_WEEK_END,MANAGER_USERNAME_LEVEL_01,TEXT,24
S_ANALYTICS,MANAGER_HIERARCHY_WEEK_END,MANAGER_LEVEL_02,TEXT,25
S_ANALYTICS,MANAGER_HIERARCHY_WEEK_END,MANAGER_ID_LEVEL_02,TEXT,26
S_ANALYTICS,MANAGER_HIERARCHY_WEEK_END,MANAGER_USERNAME_LEVEL_02,TEXT,27
S_ANALYTICS,MANAGER_HIERARCHY_WEEK_END,MANAGER_LEVEL_03,TEXT,28
S_ANALYTICS,MANAGER_HIERARCHY_WEEK_END,MANAGER_ID_LEVEL_03,TEXT,29
S_ANALYTICS,MANAGER_HIERARCHY_WEEK_END,MANAGER_USERNAME_LEVEL_03,TEXT,30
S_ANALYTICS,MANAGER_HIERARCHY_WEEK_END,MANAGER_LEVEL_04,TEXT,31
S_ANALYTICS,MANAGER_HIERARCHY_WEEK_END,MANAGER_ID_LEVEL_04,TEXT,32
S_ANALYTICS,MANAGER_HIERARCHY_WEEK_END,MANAGER_USERNAME_LEVEL_04,TEXT,33
S_ANALYTICS,MANAGER_HIERARCHY_WEEK_END,MANAGER_LEVEL_05,TEXT,34
S_ANALYTICS,MANAGER_HIERARCHY_WEEK_END,MANAGER_ID_LEVEL_05,TEXT,35
S_ANALYTICS,MANAGER_HIERARCHY_WEEK_END,MANAGER_USERNAME_LEVEL_05,TEXT,36
S_ANALYTICS,MANAGER_HIERARCHY_WEEK_END,MANAGER_LEVEL_06,TEXT,37
S_ANALYTICS,MANAGER_HIERARCHY_WEEK_END,MANAGER_ID_LEVEL_06,TEXT,38
S_ANALYTICS,MANAGER_HIERARCHY_WEEK_END,MANAGER_USERNAME_LEVEL_06,TEXT,39
S_ANALYTICS,MANAGER_HIERARCHY_WEEK_END,MANAGER_LEVEL_07,TEXT,40
S_ANALYTICS,MANAGER_HIERARCHY_WEEK_END,MANAGER_ID_LEVEL_07,TEXT,41
S_ANALYTICS,MANAGER_HIERARCHY_WEEK_END,MANAGER_USERNAME_LEVEL_07,TEXT,42
S_ANALYTICS,MANAGER_HIERARCHY_WEEK_END,MANAGER_LEVEL_08,TEXT,43
S_ANALYTICS,MANAGER_HIERARCHY_WEEK_END,MANAGER_ID_LEVEL_08,TEXT,44
S_ANALYTICS,MANAGER_HIERARCHY_WEEK_END,MANAGER_USERNAME_LEVEL_08,TEXT,45
S_ANALYTICS,MANAGER_HIERARCHY_WEEK_END,MANAGER_LEVEL_09,TEXT,46
S_ANALYTICS,MANAGER_HIERARCHY_WEEK_END,MANAGER_ID_LEVEL_09,TEXT,47
S_ANALYTICS,MANAGER_HIERARCHY_WEEK_END,MANAGER_USERNAME_LEVEL_09,TEXT,48
S_ANALYTICS,MANAGER_HIERARCHY_WEEK_END,MANAGER_LEVEL_10,TEXT,49
S_ANALYTICS,MANAGER_HIERARCHY_WEEK_END,MANAGER_ID_LEVEL_10,TEXT,50
S_ANALYTICS,MANAGER_HIERARCHY_WEEK_END,MANAGER_USERNAME_LEVEL_10,TEXT,51
S_ANALYTICS,MANAGER_HIERARCHY_WEEK_END,MANAGER_LEVEL_11,TEXT,52
S_ANALYTICS,MANAGER_HIERARCHY_WEEK_END,MANAGER_ID_LEVEL_11,TEXT,53
S_ANALYTICS,MANAGER_HIERARCHY_WEEK_END,MANAGER_USERNAME_LEVEL_11,TEXT,54
S_ANALYTICS,ORG_SLT_HIERARCHY,EMPLOYEE_ID,NUMBER,1
S_ANALYTICS,ORG_SLT_HIERARCHY,EMPLOYEE_NAME,TEXT,2
S_ANALYTICS,ORG_SLT_HIERARCHY,MANAGER_LEVEL_00,TEXT,5
S_ANALYTICS,ORG_SLT_HIERARCHY,MANAGER_ID_LEVEL_00,TEXT,6
S_ANALYTICS,ORG_SLT_HIERARCHY,MANAGER_LEVEL_01,TEXT,7
S_ANALYTICS,ORG_SLT_HIERARCHY,MANAGER_ID_LEVEL_01,TEXT,8
S_ANALYTICS,ORG_SLT_HIERARCHY,MANAGER_LEVEL_02,TEXT,9
S_ANALYTICS,ORG_SLT_HIERARCHY,MANAGER_ID_LEVEL_02,TEXT,10
S_ANALYTICS,ORG_SLT_HIERARCHY,MANAGER_LEVEL_03,TEXT,11
S_ANALYTICS,ORG_SLT_HIERARCHY,MANAGER_ID_LEVEL_03,TEXT,12
S_ANALYTICS,ORG_SLT_HIERARCHY,MANAGER_LEVEL_04,TEXT,13
S_ANALYTICS,ORG_SLT_HIERARCHY,MANAGER_ID_LEVEL_04,TEXT,14
S_ANALYTICS,ORG_SLT_HIERARCHY,MANAGER_LEVEL_05,TEXT,15
S_ANALYTICS,ORG_SLT_HIERARCHY,MANAGER_ID_LEVEL_05,TEXT,16
S_ANALYTICS,ORG_SLT_HIERARCHY,MANAGER_LEVEL_06,TEXT,17
S_ANALYTICS,ORG_SLT_HIERARCHY,MANAGER_ID_LEVEL_06,TEXT,18
S_ANALYTICS,ORG_SLT_HIERARCHY,MANAGER_LEVEL_07,TEXT,19
S_ANALYTICS,ORG_SLT_HIERARCHY,MANAGER_ID_LEVEL_07,TEXT,20
S_ANALYTICS,ORG_SLT_HIERARCHY,MANAGER_LEVEL_08,TEXT,21
S_ANALYTICS,ORG_SLT_HIERARCHY,MANAGER_ID_LEVEL_08,TEXT,22
S_ANALYTICS,ORG_SLT_HIERARCHY,MANAGER_LEVEL_09,TEXT,23
S_ANALYTICS,ORG_SLT_HIERARCHY,MANAGER_ID_LEVEL_09,TEXT,24
S_ANALYTICS,ORG_SLT_HIERARCHY,MANAGER_LEVEL_10,TEXT,25
S_ANALYTICS,ORG_SLT_HIERARCHY,MANAGER_ID_LEVEL_10,TEXT,26
S_ANALYTICS,ORG_SLT_HIERARCHY,MANAGER_LEVEL_11,TEXT,27
S_ANALYTICS,ORG_SLT_HIERARCHY,MANAGER_ID_LEVEL_11,TEXT,28
S_ANALYTICS,ROSTER_DAY_END,EMPLOYEE_ID,NUMBER,2
S_ANALYTICS,ROSTER_DAY_END,EMPLOYEE_USERNAME,TEXT,6
S_ANALYTICS,ROSTER_DAY_END,EMPLOYEE_NAME,TEXT,7
S_ANALYTICS,ROSTER_DAY_END,EMPLOYEE_TYPE,TEXT,8
S_ANALYTICS,ROSTER_DAY_END,IS_MANAGER,TEXT,9
S_ANALYTICS,ROSTER_DAY_END,WORKER_TYPE,TEXT,10
S_ANALYTICS,ROSTER_DAY_END,HIRE_DATE,DATE,12
S_ANALYTICS,ROSTER_DAY_END,LOCATION,TEXT,21
S_ANALYTICS,ROSTER_DAY_END,REGION,TEXT,29
S_ANALYTICS,ROSTER_DAY_END,EMPLOYEE_FULL_TIME_STATUS,TEXT,44
S_ANALYTICS,ROSTER_DAY_END,LOCATION_CODE,TEXT,45
S_ANALYTICS,ROSTER_DAY_END,EMPLOYEE_EXEMPT_STATUS,TEXT,46
S_ANALYTICS,ROSTER_DAY_END,LOA_FLAG,BOOLEAN,47
S_ANALYTICS,ROSTER_DAY_END,TENURE_IN_DAYS,NUMBER,56
S_ANALYTICS,ROSTER_DAY_END,TENURE_IN_MONTHS,NUMBER,57
S_ANALYTICS,ROSTER_DAY_END,TENURE_IN_YEARS,NUMBER,58
S_ANALYTICS,ROSTER_DAY_END,TENURE_DISPLAY,TEXT,59
S_ANALYTICS,ROSTER_PERIOD_END,EMPLOYEE_ID,NUMBER,2
S_ANALYTICS,ROSTER_PERIOD_END,EMPLOYEE_USERNAME,TEXT,6
S_ANALYTICS,ROSTER_PERIOD_END,EMPLOYEE_NAME,TEXT,7
S_ANALYTICS,ROSTER_PERIOD_END,EMPLOYEE_TYPE,TEXT,8
S_ANALYTICS,ROSTER_PERIOD_END,IS_MANAGER,TEXT,9
S_ANALYTICS,ROSTER_PERIOD_END,WORKER_TYPE,TEXT,10
S_ANALYTICS,ROSTER_PERIOD_END,HIRE_DATE,DATE,12
S_ANALYTICS,ROSTER_PERIOD_END,LOCATION,TEXT,21
S_ANALYTICS,ROSTER_PERIOD_END,REGION,TEXT,29
S_ANALYTICS,ROSTER_PERIOD_END,EMPLOYEE_FULL_TIME_STATUS,TEXT,44
S_ANALYTICS,ROSTER_PERIOD_END,LOCATION_CODE,TEXT,45
S_ANALYTICS,ROSTER_PERIOD_END,EMPLOYEE_EXEMPT_STATUS,TEXT,46
S_ANALYTICS,ROSTER_PERIOD_END,LOA_FLAG,BOOLEAN,47
S_ANALYTICS,ROSTER_PERIOD_END,TENURE_IN_DAYS,NUMBER,53
S_ANALYTICS,ROSTER_PERIOD_END,TENURE_IN_MONTHS,NUMBER,54
S_ANALYTICS,ROSTER_PERIOD_END,TENURE_IN_YEARS,NUMBER,55
S_ANALYTICS,ROSTER_PERIOD_END,ORIGINAL_HIRE_DATE,DATE,56
S_ANALYTICS,ROSTER_PERIOD_END,MOST_RECENT_HIRE_DATE,DATE,58
S_ANALYTICS,ROSTER_PERIOD_END,ALL_HIRE_DATES,ARRAY,60
S_ANALYTICS,ROSTER_PERIOD_END,TENURE_DISPLAY,TEXT,62
S_ANALYTICS,ROSTER_WEEK_END,EMPLOYEE_ID,NUMBER,2
S_ANALYTICS,ROSTER_WEEK_END,EMPLOYEE_USERNAME,TEXT,6
S_ANALYTICS,ROSTER_WEEK_END,EMPLOYEE_NAME,TEXT,7
S_ANALYTICS,ROSTER_WEEK_END,EMPLOYEE_TYPE,TEXT,8
S_ANALYTICS,ROSTER_WEEK_END,IS_MANAGER,TEXT,9
S_ANALYTICS,ROSTER_WEEK_END,WORKER_TYPE,TEXT,10
S_ANALYTICS,ROSTER_WEEK_END,HIRE_DATE,DATE,12
S_ANALYTICS,ROSTER_WEEK_END,LOCATION,TEXT,21
S_ANALYTICS,ROSTER_WEEK_END,REGION,TEXT,29
S_ANALYTICS,ROSTER_WEEK_END,EMPLOYEE_FULL_TIME_STATUS,TEXT,44
S_ANALYTICS,ROSTER_WEEK_END,LOCATION_CODE,TEXT,45
S_ANALYTICS,ROSTER_WEEK_END,EMPLOYEE_EXEMPT_STATUS,TEXT,46
S_ANALYTICS,ROSTER_WEEK_END,LOA_FLAG,BOOLEAN,47
S_ANALYTICS,ROSTER_WEEK_END,TENURE_IN_DAYS,NUMBER,53
S_ANALYTICS,ROSTER_WEEK_END,TENURE_IN_MONTHS,NUMBER,54
S_ANALYTICS,ROSTER_WEEK_END,TENURE_IN_YEARS,NUMBER,55
S_ANALYTICS,ROSTER_WEEK_END,ORIGINAL_HIRE_DATE,DATE,56
S_ANALYTICS,ROSTER_WEEK_END,MOST_RECENT_HIRE_DATE,DATE,58
S_ANALYTICS,ROSTER_WEEK_END,ALL_HIRE_DATES,ARRAY,60
S_ANALYTICS,ROSTER_WEEK_END,TENURE_DISPLAY,TEXT,62
S_ANALYTICS,WORKDAY_TRENDED_MANAGER_HIERARCHY,EMPLOYEE_ID,TEXT,3
S_ANALYTICS,WORKDAY_TRENDED_MANAGER_HIERARCHY,EMPLOYEE_USERNAME,TEXT,9
S_ANALYTICS,WORKDAY_TRENDED_MANAGER_HIERARCHY,EMPLOYEE_TYPE,TEXT,12
S_ANALYTICS,WORKDAY_TRENDED_MANAGER_HIERARCHY,IS_MANAGER,NUMBER,13
S_ANALYTICS,WORKDAY_TRENDED_MANAGER_HIERARCHY,WORKER_TYPE,TEXT,14
S_ANALYTICS,WORKDAY_TRENDED_MANAGER_HIERARCHY,HIRE_DATE,DATE,18
S_ANALYTICS,WORKDAY_TRENDED_MANAGER_HIERARCHY,LOCATION,TEXT,28
S_ANALYTICS,WORKDAY_TRENDED_MANAGER_HIERARCHY,REGION,TEXT,35
S_ANALYTICS,WORKDAY_TRENDED_MANAGER_HIERARCHY,EMPLOYEE_ID_MH,TEXT,51
S_ANALYTICS,WORKDAY_TRENDED_MANAGER_HIERARCHY,EMPLOYEE_NAME,TEXT,54
S_ANALYTICS,WORKDAY_TRENDED_MANAGER_HIERARCHY,MANAGER_EMPLOYEE_ID,TEXT,55
S_ANALYTICS,WORKDAY_TRENDED_MANAGER_HIERARCHY,MANAGER_NAME,TEXT,56
S_ANALYTICS,WORKDAY_TRENDED_MANAGER_HIERARCHY,MANAGER_ID_LEVEL_00,TEXT,59
S_ANALYTICS,WORKDAY_TRENDED_MANAGER_HIERARCHY,MANAGER_LEVEL_00,TEXT,60
S_ANALYTICS,WORKDAY_TRENDED_MANAGER_HIERARCHY,MANAGER_ID_LEVEL_01,TEXT,61
S_ANALYTICS,WORKDAY_TRENDED_MANAGER_HIERARCHY,MANAGER_LEVEL_01,TEXT,62
S_ANALYTICS,WORKDAY_TRENDED_MANAGER_HIERARCHY,MANAGER_ID_LEVEL_02,TEXT,63
S_ANALYTICS,WORKDAY_TRENDED_MANAGER_HIERARCHY,MANAGER_LEVEL_02,TEXT,64
S_ANALYTICS,WORKDAY_TRENDED_MANAGER_HIERARCHY,MANAGER_ID_LEVEL_03,TEXT,65
S_ANALYTICS,WORKDAY_TRENDED_MANAGER_HIERARCHY,MANAGER_LEVEL_03,TEXT,66
S_ANALYTICS,WORKDAY_TRENDED_MANAGER_HIERARCHY,MANAGER_ID_LEVEL_04,TEXT,67
S_ANALYTICS,WORKDAY_TRENDED_MANAGER_HIERARCHY,MANAGER_LEVEL_04,TEXT,68
S_CURATED,ALL_APPLICATION_STAGES,APPLICATION_ID,NUMBER,1
S_CURATED,APPLICATIONS,APPLICATION_ID,NUMBER,1
S_CURATED,APPLICATIONS,REFERRER_EMPLOYEE_ID,TEXT,14
S_CURATED,APPLICATIONS,CONVERTED_PROSPECT_APPLICATION_ID,NUMBER,32
S_CURATED,APPLICATIONS_JOBS_MAPPING,APPLICATION_ID,NUMBER,1
S_CURATED,APPLICATION_QUESTION_ANSWERS,APPLICATION_ID,NUMBER,2
S_CURATED,CANDIDATES,APPLICATION_ID,NUMBER,4
S_CURATED,CANDIDATES,RECRUITER_USER_ID,NUMBER,5
S_CURATED,CANDIDATES,RECRUITER_EMPLOYEE_ID,TEXT,6
S_CURATED,CANDIDATES,COORDINATOR_USER_ID,NUMBER,8
S_CURATED,CANDIDATES,COORDINATOR_EMPLOYEE_ID,TEXT,9
S_CURATED,CANDIDATES,REHIRE,TEXT,18
S_CURATED,CANDIDATES,WILLING_TO_COMPLETE_BACKGROUND_CHECK,TEXT,19
S_CURATED,CANDIDATES,OPEN_TO_RELOCATION,TEXT,23
S_CURATED,CURRENT_EMPLOYEES,EMPLOYEE_ID,NUMBER,2
S_CURATED,CURRENT_EMPLOYEES,CURRENT_EMPLOYEE_FLAG,TEXT,7
S_CURATED,CURRENT_EMPLOYEES,EMPLOYEE_USERNAME,TEXT,10
S_CURATED,CURRENT_EMPLOYEES,EMPLOYEE_NAME,TEXT,13
S_CURATED,CURRENT_EMPLOYEES,EMPLOYEE_TYPE,TEXT,14
S_CURATED,CURRENT_EMPLOYEES,IS_MANAGER,TEXT,15
S_CURATED,CURRENT_EMPLOYEES,WORKER_TYPE,TEXT,16
S_CURATED,CURRENT_EMPLOYEES,HIRE_DATE,DATE,18
S_CURATED,CURRENT_EMPLOYEES,LOCATION,TEXT,31
S_CURATED,CURRENT_EMPLOYEES,REGION,TEXT,39
S_CURATED,CURRENT_EMPLOYEES,EMPLOYEE_FULL_TIME_STATUS,TEXT,54
S_CURATED,CURRENT_EMPLOYEES,LOCATION_CODE,TEXT,55
S_CURATED,CURRENT_EMPLOYEES,EMPLOYEE_EXEMPT_STATUS,TEXT,56
S_CURATED,EMPLOYEE_JOB_HISTORY,EMPLOYEE_ID,NUMBER,2
S_CURATED,EMPLOYEE_JOB_HISTORY,CURRENT_EMPLOYEE_FLAG,TEXT,7
S_CURATED,EMPLOYEE_JOB_HISTORY,EMPLOYEE_USERNAME,TEXT,10
S_CURATED,EMPLOYEE_JOB_HISTORY,EMPLOYEE_NAME,TEXT,14
S_CURATED,EMPLOYEE_JOB_HISTORY,EMPLOYEE_TYPE,TEXT,15
S_CURATED,EMPLOYEE_JOB_HISTORY,IS_MANAGER,TEXT,16
S_CURATED,EMPLOYEE_JOB_HISTORY,WORKER_TYPE,TEXT,17
S_CURATED,EMPLOYEE_JOB_HISTORY,HIRE_DATE,DATE,19
S_CURATED,EMPLOYEE_JOB_HISTORY,LOCATION,TEXT,32
S_CURATED,EMPLOYEE_JOB_HISTORY,REGION,TEXT,40
S_CURATED,EMPLOYEE_JOB_HISTORY,EMPLOYEE_FULL_TIME_STATUS,TEXT,54
S_CURATED,EMPLOYEE_JOB_HISTORY,LOCATION_CODE,TEXT,55
S_CURATED,EMPLOYEE_JOB_HISTORY,EMPLOYEE_EXEMPT_STATUS,TEXT,56
S_CURATED,EMPLOYEE_JOB_HISTORY_NON_TRENDED,USER_NAME,TEXT,3
S_CURATED,EMPLOYEE_JOB_HISTORY_NON_TRENDED,EMPLOYEE_ID,NUMBER,4
S_CURATED,EMPLOYEE_JOB_HISTORY_NON_TRENDED,EMPLOYEE_TYPE,TEXT,11
S_CURATED,EMPLOYEE_JOB_HISTORY_NON_TRENDED,ORIGINAL_HIRE_DATE,DATE,13
S_CURATED,EMPLOYEE_JOB_HISTORY_NON_TRENDED,HIRE_DATE,DATE,14
S_CURATED,EMPLOYEE_JOB_HISTORY_NON_TRENDED,WORKER_TYPE,TEXT,15
S_CURATED,EMPLOYEE_JOB_HISTORY_NON_TRENDED,MANAGER_LEVEL_1,TEXT,16
S_CURATED,EMPLOYEE_JOB_HISTORY_NON_TRENDED,MANAGER_LEVEL_1_USERNAME,TEXT,17
S_CURATED,EMPLOYEE_JOB_HISTORY_NON_TRENDED,MANAGER_LEVEL_2,TEXT,18
S_CURATED,EMPLOYEE_JOB_HISTORY_NON_TRENDED,MANAGER_LEVEL_2_USERNAME,TEXT,19
S_CURATED,EMPLOYEE_JOB_HISTORY_NON_TRENDED,MANAGER_LEVEL_3,TEXT,20
S_CURATED,EMPLOYEE_JOB_HISTORY_NON_TRENDED,MANAGER_LEVEL_3_USERNAME,TEXT,21
S_CURATED,EMPLOYEE_JOB_HISTORY_NON_TRENDED,HR_PARTNER_USERNAME,TEXT,23
S_CURATED,EMPLOYEE_JOB_HISTORY_NON_TRENDED,HR_PARTNER_EMPLOYEE_ID,NUMBER,24
S_CURATED,FETCHING_FEEDBACK_BY_BUSINESS_UNIT,LOAD_DATE,TIMESTAMP_NTZ,6
S_CURATED,FETCHING_FEEDBACK_BY_FF_BUSINESS_UNIT,LOAD_DATE,TIMESTAMP_NTZ,6
S_CURATED,FETCHING_FEEDBACK_BY_LOCATION,LOAD_DATE,TIMESTAMP_NTZ,6
S_CURATED,FETCHING_FEEDBACK_BY_MANAGER,Manager,TEXT,3
S_CURATED,FETCHING_FEEDBACK_BY_MANAGER,Employee ID,TEXT,4
S_CURATED,FETCHING_FEEDBACK_BY_MANAGER,LOAD_DATE,TIMESTAMP_NTZ,7
S_CURATED,HIRING_TEAM,USER_ID,NUMBER,2
S_CURATED,HIRING_TEAM,EMPLOYEE_ID,TEXT,4
S_CURATED,JOBS_OFFICES,LOCATION,TEXT,3
S_CURATED,JOB_POSTS,LOCATION,TEXT,7
S_CURATED,JOURNAL_LOG,SITEID1,NUMBER,9
S_CURATED,JOURNAL_LOG,SITEID2,NUMBER,10
S_CURATED,JOURNAL_LOG,SITEID,NUMBER,11
S_CURATED,JOURNAL_LOG,EMPLOYEENAME,TEXT,15
S_CURATED,JOURNAL_LOG,SITENAME1,TEXT,17
S_CURATED,JOURNAL_LOG,SITENAME2,TEXT,19
S_CURATED,JOURNAL_LOG,SITEID3,NUMBER,24
S_CURATED,JOURNAL_LOG,SITENAME3,TEXT,25
S_CURATED,JOURNAL_LOG,SITEID4,NUMBER,29
S_CURATED,JOURNAL_LOG,SITENAME4,TEXT,30
S_CURATED,MANAGER_HISTORY_BY_DAY,EMPLOYEE_ID,NUMBER,1
S_CURATED,MANAGER_HISTORY_BY_DAY,EMPLOYEE_USERNAME,TEXT,2
S_CURATED,MANAGER_HISTORY_BY_DAY,EMPLOYEE_NAME,TEXT,3
S_CURATED,MANAGER_HISTORY_BY_DAY,MANAGER_EMPLOYEE_ID,NUMBER,4
S_CURATED,MANAGER_HISTORY_BY_DAY,MANAGER_USERNAME,TEXT,5
S_CURATED,MANAGER_HISTORY_BY_DAY,MANAGER_NAME,TEXT,6
S_CURATED,MBR,EMPLOYEE_ID,NUMBER,1
S_CURATED,MBR,EMPLOYEE_USERNAME,TEXT,6
S_CURATED,MBR,EMPLOYEE_NAME,TEXT,7
S_CURATED,MBR,EMPLOYEE_TYPE,TEXT,8
S_CURATED,MBR,IS_MANAGER,NUMBER,9
S_CURATED,MBR,WORKER_TYPE,TEXT,10
S_CURATED,MBR,HIRE_DATE,DATE,12
S_CURATED,MBR,MANAGER_LEVEL_1_USERNAME,TEXT,17
S_CURATED,MBR,MANAGER_LEVEL_1_NAME,TEXT,18
S_CURATED,MBR,MANAGER_LEVEL_2_USERNAME,TEXT,19
S_CURATED,MBR,MANAGER_LEVEL_2_NAME,TEXT,20
S_CURATED,MBR,MANAGER_LEVEL_3_USERNAME,TEXT,21
S_CURATED,MBR,MANAGER_LEVEL_3_NAME,TEXT,22
S_CURATED,MBR,HIGHEST_DIRECTOR_USERNAME,TEXT,23
S_CURATED,MBR,LOCATION,TEXT,26
S_CURATED,MBR,REGION,TEXT,27
S_CURATED,MBR,APPLICATION_ID,NUMBER,46
S_CURATED,MBR,TTS_SLA,NUMBER,56
S_CURATED,MBR,SLA_SUCCESS,TEXT,57
S_CURATED,MBR,HIRING_MANAGER,TEXT,65
S_CURATED,MBR,HIRING_MANAGER_USERNAME,TEXT,66
S_CURATED,MBR,MISSED_SLA,TEXT,79
S_CURATED,MBR_HISTORY,# Hires,TEXT,8
S_CURATED,MBR_HISTORY,% Filled within SLA,FLOAT,11
S_CURATED,MBR_HISTORY,# Open Requisitions outside of SLA,TEXT,13
S_CURATED,MBR_HISTORY,% Open Requisitions outside of SLA,FLOAT,14
S_CURATED,MBR_HISTORY,# Hires (Director +),TEXT,16
S_CURATED,MBR_HISTORY,# Open Requisitions outside of SLA (Director+),TEXT,18
S_CURATED,MBR_HISTORY,% Starts within SLA (Director+),FLOAT,19
S_CURATED,MBR_HISTORY,% Fills outside SLA (Director +),FLOAT,20
S_CURATED,MBR_HISTORY,% Filled within SLA (C07+),FLOAT,44
S_CURATED,MBR_HISTORY,% Filled within SLA (C08+),FLOAT,46
S_CURATED,MBR_STATIC,EMPLOYEE_ID,NUMBER,1
S_CURATED,MBR_STATIC,EMPLOYEE_USERNAME,TEXT,6
S_CURATED,MBR_STATIC,EMPLOYEE_NAME,TEXT,7
S_CURATED,MBR_STATIC,EMPLOYEE_TYPE,TEXT,8
S_CURATED,MBR_STATIC,IS_MANAGER,NUMBER,9
S_CURATED,MBR_STATIC,WORKER_TYPE,TEXT,10
S_CURATED,MBR_STATIC,HIRE_DATE,DATE,12
S_CURATED,MBR_STATIC,MANAGER_LEVEL_1_USERNAME,TEXT,17
S_CURATED,MBR_STATIC,MANAGER_LEVEL_1_NAME,TEXT,18
S_CURATED,MBR_STATIC,MANAGER_LEVEL_2_USERNAME,TEXT,19
S_CURATED,MBR_STATIC,MANAGER_LEVEL_2_NAME,TEXT,20
S_CURATED,MBR_STATIC,MANAGER_LEVEL_3_USERNAME,TEXT,21
S_CURATED,MBR_STATIC,MANAGER_LEVEL_3_NAME,TEXT,22
S_CURATED,MBR_STATIC,HIGHEST_DIRECTOR_USERNAME,TEXT,23
S_CURATED,MBR_STATIC,LOCATION,TEXT,26
S_CURATED,MBR_STATIC,REGION,TEXT,27
S_CURATED,MBR_STATIC,APPLICATION_ID,NUMBER,46
S_CURATED,MBR_STATIC,TTS_SLA,NUMBER,56
S_CURATED,MBR_STATIC,SLA_SUCCESS,TEXT,57
S_CURATED,MBR_STATIC,HIRING_MANAGER,TEXT,65
S_CURATED,MBR_STATIC,HIRING_MANAGER_USERNAME,TEXT,66
S_CURATED,MBR_STATIC,MISSED_SLA,TEXT,79
S_CURATED,OFFERS,APPLICATION_ID,NUMBER,2
S_CURATED,OFFERS,POSITION_LOCATION,TEXT,16
S_CURATED,OFFERS,PERMANENT_REMOTE_LOCATION,TEXT,23
S_CURATED,OPENINGS,HIRED_APPLICATION_ID,NUMBER,9
S_CURATED,OPENINGS,MANAGER_NAME,TEXT,16
S_CURATED,OPENINGS,MANAGER_EMPLOYEE_ID,NUMBER,17
S_CURATED,OPENINGS,REGION,TEXT,19
S_CURATED,OPENINGS,INDIVIDUAL_CONTRIBUTOR_MANAGER,TEXT,24
S_CURATED,OPENINGS,WORKER_TYPE,TEXT,25
S_CURATED,OPENINGS,LOCATION,TEXT,31
S_CURATED,PERSONNEL,SITEID,TEXT,4
S_CURATED,PERSONNEL,MANAGEREMAIL,TEXT,24
S_CURATED,PERSONNELUDF,EMPLOYEEID,TEXT,2
S_CURATED,PROMOTIONS,EMPLOYEE_ID,NUMBER,1
S_CURATED,PROMOTIONS,HIRE_DATE,DATE,2
S_CURATED,REQUISITIONS,INDIVIDUAL_CONTRIBUTOR_MANAGER,TEXT,22
S_CURATED,REQUISITIONS,MANAGER_NAME,TEXT,26
S_CURATED,REQUISITIONS,REGION,TEXT,28
S_CURATED,REQUISITIONS,LOCATION,TEXT,29
S_CURATED,REQUISITIONS,WORKER_TYPE,TEXT,31
S_CURATED,ROSTER_PERIOD_END,EMPLOYEE_ID,NUMBER,2
S_CURATED,ROSTER_PERIOD_END,EMPLOYEE_USERNAME,TEXT,3
S_CURATED,ROSTER_PERIOD_END,EMPLOYEE_NAME,TEXT,4
S_CURATED,ROSTER_PERIOD_END,HIRE_DATE,DATE,6
S_CURATED,ROSTER_PERIOD_END,TENURE_IN_DAYS,NUMBER,8
S_CURATED,ROSTER_PERIOD_END,TENURE_IN_MONTHS,NUMBER,9
S_CURATED,ROSTER_PERIOD_END,TENURE_IN_YEARS,NUMBER,10
S_CURATED,ROSTER_PERIOD_END,EMPLOYEE_TYPE,TEXT,16
S_CURATED,ROSTER_PERIOD_END,IS_MANAGER,TEXT,17
S_CURATED,ROSTER_PERIOD_END,LOCATION,TEXT,21
S_CURATED,ROSTER_PERIOD_END,REGION,TEXT,28
S_CURATED,ROSTER_PERIOD_END,TENURE_DISPLAY,TEXT,37
S_CURATED,ROSTER_WEEK_END,EMPLOYEE_ID,NUMBER,2
S_CURATED,ROSTER_WEEK_END,EMPLOYEE_USERNAME,TEXT,3
S_CURATED,ROSTER_WEEK_END,EMPLOYEE_NAME,TEXT,4
S_CURATED,ROSTER_WEEK_END,HIRE_DATE,DATE,6
S_CURATED,ROSTER_WEEK_END,TENURE_IN_DAYS,NUMBER,8
S_CURATED,ROSTER_WEEK_END,TENURE_IN_MONTHS,NUMBER,9
S_CURATED,ROSTER_WEEK_END,TENURE_IN_YEARS,NUMBER,10
S_CURATED,ROSTER_WEEK_END,EMPLOYEE_TYPE,TEXT,16
S_CURATED,ROSTER_WEEK_END,IS_MANAGER,TEXT,17
S_CURATED,ROSTER_WEEK_END,LOCATION,TEXT,21
S_CURATED,ROSTER_WEEK_END,REGION,TEXT,28
S_CURATED,ROSTER_WEEK_END,TENURE_DISPLAY,TEXT,37
S_CURATED,SCORECARDS,APPLICATION_ID,NUMBER,2
S_CURATED,TERMINATED_EMPLOYEES,EMPLOYEE_ID,NUMBER,2
S_CURATED,TERMINATED_EMPLOYEES,CURRENT_EMPLOYEE_FLAG,TEXT,7
S_CURATED,TERMINATED_EMPLOYEES,EMPLOYEE_USERNAME,TEXT,10
S_CURATED,TERMINATED_EMPLOYEES,EMPLOYEE_NAME,TEXT,13
S_CURATED,TERMINATED_EMPLOYEES,EMPLOYEE_TYPE,TEXT,14
S_CURATED,TERMINATED_EMPLOYEES,IS_MANAGER,TEXT,15
S_CURATED,TERMINATED_EMPLOYEES,WORKER_TYPE,TEXT,16
S_CURATED,TERMINATED_EMPLOYEES,HIRE_DATE,DATE,18
S_CURATED,TERMINATED_EMPLOYEES,LOCATION,TEXT,31
S_CURATED,TERMINATED_EMPLOYEES,REGION,TEXT,39
S_CURATED,TERMINATED_EMPLOYEES,EMPLOYEE_FULL_TIME_STATUS,TEXT,54
S_CURATED,TERMINATED_EMPLOYEES,LOCATION_CODE,TEXT,55
S_CURATED,TERMINATED_EMPLOYEES,EMPLOYEE_EXEMPT_STATUS,TEXT,56
S_CURATED,USERS,USER_ID,NUMBER,1
S_CURATED,USERS,EMPLOYEE_ID,TEXT,8
S_CURATED,USER_CANDIDATE_MAPPING,USER_ID,NUMBER,1
S_CURATED,V_ACTIVE_CANDIDATE_PIPELINE,APPLICATION_ID,NUMBER,1
S_CURATED,V_ACTIVE_CANDIDATE_PIPELINE,LOCATION,TEXT,9
S_CURATED,V_ACTIVE_CANDIDATE_PIPELINE,HIRING_MANAGER,TEXT,14
S_CURATED,V_ACTIVE_CANDIDATE_PIPELINE,MANAGER_LEVEL_1,TEXT,15
S_CURATED,V_ACTIVE_CANDIDATE_PIPELINE,MANAGER_LEVEL_1_USERNAME,TEXT,16
S_CURATED,V_ACTIVE_CANDIDATE_PIPELINE,MANAGER_LEVEL_2,TEXT,17
S_CURATED,V_ACTIVE_CANDIDATE_PIPELINE,MANAGER_LEVEL_2_USERNAME,TEXT,18
S_CURATED,V_ACTIVE_CANDIDATE_PIPELINE,MANAGER_LEVEL_3,TEXT,19
S_CURATED,V_ACTIVE_CANDIDATE_PIPELINE,MANAGER_LEVEL_3_USERNAME,TEXT,20
S_CURATED,V_ACTIVE_CANDIDATE_PIPELINE,HIGHEST_DIRECTOR_USERNAME,TEXT,22
S_CURATED,V_ACTIVE_CANDIDATE_PIPELINE,USERNAME_MANAGER_01,TEXT,23
S_CURATED,V_ACTIVE_CANDIDATE_PIPELINE,USERNAME_MANAGER_02,TEXT,24
S_CURATED,V_ACTIVE_CANDIDATE_PIPELINE,USERNAME_MANAGER_03,TEXT,25
S_CURATED,V_ACTIVE_CANDIDATE_PIPELINE,USERNAME_MANAGER_04,TEXT,26
S_CURATED,V_ACTIVE_CANDIDATE_PIPELINE,USERNAME_MANAGER_05,TEXT,27
S_CURATED,V_ACTIVE_CANDIDATE_PIPELINE,USERNAME_MANAGER_06,TEXT,28
S_CURATED,V_ACTIVE_CANDIDATE_PIPELINE,USERNAME_MANAGER_07,TEXT,29
S_CURATED,V_ACTIVE_CANDIDATE_PIPELINE,USERNAME_MANAGER_08,TEXT,30
S_CURATED,V_ACTIVE_CANDIDATE_PIPELINE,USERNAME_MANAGER_09,TEXT,31
S_CURATED,V_ACTIVE_CANDIDATE_PIPELINE,USERNAME_MANAGER_10,TEXT,32
S_CURATED,V_ARBRITRATION_STATUS,APPLICATION_ID,NUMBER,2
S_CURATED,V_ARBRITRATION_STATUS,Job Location,TEXT,22
S_CURATED,V_ARBRITRATION_STATUS,Offer Location,TEXT,23
S_CURATED,V_ARBRITRATION_STATUS_V2,APPLICATION_ID,NUMBER,2
S_CURATED,V_ARBRITRATION_STATUS_V2,Job Location,TEXT,22
S_CURATED,V_ARBRITRATION_STATUS_V2,Offer Location,TEXT,23
S_CURATED,V_BT_ACCEPTED_OFFERS,HIRING_MANAGER,TEXT,6
S_CURATED,V_BT_ACCEPTED_OFFERS,LOCATION,TEXT,7
S_CURATED,V_BT_ACCEPTED_OFFERS,individual_contributor/manager,TEXT,9
S_CURATED,V_BT_FINANCE,EMPLOYEE_ID,NUMBER,5
S_CURATED,V_BT_FINANCE,MANAGER,TEXT,9
S_CURATED,V_BT_FINANCE,EMPLOYEE_UNION,TEXT,10
S_CURATED,V_BT_FINANCE,LOCATION,TEXT,12
S_CURATED,V_BT_FINANCE,individual_contributor/manager,TEXT,19
S_CURATED,V_BT_FINANCE,EMPLOYEE_TYPE,TEXT,34
S_CURATED,V_BT_OPEN_POSITIONS,HIRING_MANAGER,TEXT,4
S_CURATED,V_BT_OPEN_POSITIONS,LOCATION,TEXT,5
S_CURATED,V_BT_OPEN_POSITIONS,individual_contributor/manager,TEXT,11
S_CURATED,V_EMPLOYMENT_DATES_ARRAY_PERIOD,EMPLOYEE_ID,NUMBER,2
S_CURATED,V_EMPLOYMENT_DATES_ARRAY_PERIOD,ALL_HIRE_DATES,ARRAY,5
S_CURATED,V_EMPLOYMENT_DATES_ARRAY_PERIOD,ORIGINAL_HIRE_DATE,DATE,7
S_CURATED,V_EMPLOYMENT_DATES_ARRAY_PERIOD,MOST_RECENT_HIRE_DATE,DATE,9
S_CURATED,V_EMPLOYMENT_DATES_ARRAY_WEEK,EMPLOYEE_ID,NUMBER,2
S_CURATED,V_EMPLOYMENT_DATES_ARRAY_WEEK,ALL_HIRE_DATES,ARRAY,5
S_CURATED,V_EMPLOYMENT_DATES_ARRAY_WEEK,ORIGINAL_HIRE_DATE,DATE,7
S_CURATED,V_EMPLOYMENT_DATES_ARRAY_WEEK,MOST_RECENT_HIRE_DATE,DATE,9
S_CURATED,V_FCSUMMARY_ATTRITION,EMPLOYEE_ID,NUMBER,1
S_CURATED,V_FCSUMMARY_ATTRITION,EMPLOYEE_USERNAME,TEXT,6
S_CURATED,V_FCSUMMARY_ATTRITION,EMPLOYEE_NAME,TEXT,7
S_CURATED,V_FCSUMMARY_ATTRITION,EMPLOYEE_TYPE,TEXT,8
S_CURATED,V_FCSUMMARY_ATTRITION,WORKER_TYPE,TEXT,9
S_CURATED,V_FCSUMMARY_ATTRITION,HIRE_DATE,DATE,11
S_CURATED,V_FCSUMMARY_ATTRITION,MANAGER_LEVEL_1_USERNAME,TEXT,14
S_CURATED,V_FCSUMMARY_ATTRITION,MANAGER_LEVEL_1_NAME,TEXT,15
S_CURATED,V_FCSUMMARY_ATTRITION,MANAGER_LEVEL_2_USERNAME,TEXT,16
S_CURATED,V_FCSUMMARY_ATTRITION,MANAGER_LEVEL_2_NAME,TEXT,17
S_CURATED,V_FCSUMMARY_ATTRITION,MANAGER_LEVEL_3_USERNAME,TEXT,18
S_CURATED,V_FCSUMMARY_ATTRITION,MANAGER_LEVEL_3_NAME,TEXT,19
S_CURATED,V_FCSUMMARY_ATTRITION,HIGHEST_DIRECTOR_USERNAME,TEXT,20
S_CURATED,V_FCSUMMARY_ATTRITION,LOCATION,TEXT,23
S_CURATED,V_FCSUMMARY_ATTRITION,REGION,TEXT,29
S_CURATED,V_GET_ALL_APP_STAGES,APPLICATION_ID,NUMBER,1
S_CURATED,V_HIRING_MANAGER,HIRING_MANAGER,TEXT,2
S_CURATED,V_HIRING_MANAGER,HIRING_MANAGER_USERNAME,TEXT,3
S_CURATED,V_HIRING_MANAGER,MANAGER_LEVEL_1,TEXT,4
S_CURATED,V_HIRING_MANAGER,MANAGER_LEVEL_1_USERNAME,TEXT,5
S_CURATED,V_HIRING_MANAGER,MANAGER_LEVEL_2,TEXT,6
S_CURATED,V_HIRING_MANAGER,MANAGER_LEVEL_2_USERNAME,TEXT,7
S_CURATED,V_HIRING_MANAGER,MANAGER_LEVEL_3,TEXT,8
S_CURATED,V_HIRING_MANAGER,MANAGER_LEVEL_3_USERNAME,TEXT,9
S_CURATED,V_HIRING_MANAGER,HIGHEST_DIRECTOR_USERNAME,TEXT,11
S_CURATED,V_HIRING_MANAGER,USERNAME_MANAGER_01,TEXT,12
S_CURATED,V_HIRING_MANAGER,MANAGER_NAME_01,TEXT,13
S_CURATED,V_HIRING_MANAGER,USERNAME_MANAGER_02,TEXT,14
S_CURATED,V_HIRING_MANAGER,MANAGER_NAME_02,TEXT,15
S_CURATED,V_HIRING_MANAGER,USERNAME_MANAGER_03,TEXT,16
S_CURATED,V_HIRING_MANAGER,MANAGER_NAME_03,TEXT,17
S_CURATED,V_HIRING_MANAGER,USERNAME_MANAGER_04,TEXT,18
S_CURATED,V_HIRING_MANAGER,MANAGER_NAME_04,TEXT,19
S_CURATED,V_HIRING_MANAGER,USERNAME_MANAGER_05,TEXT,20
S_CURATED,V_HIRING_MANAGER,MANAGER_NAME_05,TEXT,21
S_CURATED,V_HIRING_MANAGER,USERNAME_MANAGER_06,TEXT,22
S_CURATED,V_HIRING_MANAGER,MANAGER_NAME_06,TEXT,23
S_CURATED,V_HIRING_MANAGER,USERNAME_MANAGER_07,TEXT,24
S_CURATED,V_HIRING_MANAGER,MANAGER_NAME_07,TEXT,25
S_CURATED,V_HIRING_MANAGER,USERNAME_MANAGER_08,TEXT,26
S_CURATED,V_HIRING_MANAGER,MANAGER_NAME_08,TEXT,27
S_CURATED,V_HIRING_MANAGER,USERNAME_MANAGER_09,TEXT,28
S_CURATED,V_HIRING_MANAGER,MANAGER_NAME_09,TEXT,29
S_CURATED,V_HIRING_MANAGER,USERNAME_MANAGER_10,TEXT,30
S_CURATED,V_HIRING_MANAGER,MANAGER_NAME_10,TEXT,31
S_CURATED,V_HRBP_ATTRITION,EMPLOYEE_ID,NUMBER,1
S_CURATED,V_HRBP_ATTRITION,EMPLOYEE_USERNAME,TEXT,6
S_CURATED,V_HRBP_ATTRITION,EMPLOYEE_NAME,TEXT,7
S_CURATED,V_HRBP_ATTRITION,EMPLOYEE_TYPE,TEXT,8
S_CURATED,V_HRBP_ATTRITION,WORKER_TYPE,TEXT,9
S_CURATED,V_HRBP_ATTRITION,HIRE_DATE,DATE,11
S_CURATED,V_HRBP_ATTRITION,MANAGER_LEVEL_1_USERNAME,TEXT,14
S_CURATED,V_HRBP_ATTRITION,MANAGER_LEVEL_1_NAME,TEXT,15
S_CURATED,V_HRBP_ATTRITION,MANAGER_LEVEL_2_USERNAME,TEXT,16
S_CURATED,V_HRBP_ATTRITION,MANAGER_LEVEL_2_NAME,TEXT,17
S_CURATED,V_HRBP_ATTRITION,MANAGER_LEVEL_3_USERNAME,TEXT,18
S_CURATED,V_HRBP_ATTRITION,MANAGER_LEVEL_3_NAME,TEXT,19
S_CURATED,V_HRBP_ATTRITION,HIGHEST_DIRECTOR_USERNAME,TEXT,20
S_CURATED,V_HRBP_ATTRITION,LOCATION,TEXT,23
S_CURATED,V_HRBP_ATTRITION,REGION,TEXT,29
S_CURATED,V_HRBP_ATTRITION_NEW,EMPLOYEE_ID,NUMBER,1
S_CURATED,V_HRBP_ATTRITION_NEW,EMPLOYEE_USERNAME,TEXT,6
S_CURATED,V_HRBP_ATTRITION_NEW,EMPLOYEE_NAME,TEXT,7
S_CURATED,V_HRBP_ATTRITION_NEW,EMPLOYEE_TYPE,TEXT,8
S_CURATED,V_HRBP_ATTRITION_NEW,WORKER_TYPE,TEXT,9
S_CURATED,V_HRBP_ATTRITION_NEW,HIRE_DATE,DATE,11
S_CURATED,V_HRBP_ATTRITION_NEW,MANAGER_LEVEL_1_USERNAME,TEXT,14
S_CURATED,V_HRBP_ATTRITION_NEW,MANAGER_LEVEL_1_NAME,TEXT,15
S_CURATED,V_HRBP_ATTRITION_NEW,MANAGER_LEVEL_2_USERNAME,TEXT,16
S_CURATED,V_HRBP_ATTRITION_NEW,MANAGER_LEVEL_2_NAME,TEXT,17
S_CURATED,V_HRBP_ATTRITION_NEW,MANAGER_LEVEL_3_USERNAME,TEXT,18
S_CURATED,V_HRBP_ATTRITION_NEW,MANAGER_LEVEL_3_NAME,TEXT,19
S_CURATED,V_HRBP_ATTRITION_NEW,HIGHEST_DIRECTOR_USERNAME,TEXT,20
S_CURATED,V_HRBP_ATTRITION_NEW,LOCATION,TEXT,23
S_CURATED,V_HRBP_ATTRITION_NEW,REGION,TEXT,29
S_CURATED,V_HRBP_HEADCOUNT_SUMMARY,EMPLOYEE_ID,NUMBER,1
S_CURATED,V_HRBP_HEADCOUNT_SUMMARY,EMPLOYEE_USERNAME,TEXT,6
S_CURATED,V_HRBP_HEADCOUNT_SUMMARY,EMPLOYEE_NAME,TEXT,7
S_CURATED,V_HRBP_HEADCOUNT_SUMMARY,EMPLOYEE_TYPE,TEXT,8
S_CURATED,V_HRBP_HEADCOUNT_SUMMARY,WORKER_TYPE,TEXT,9
S_CURATED,V_HRBP_HEADCOUNT_SUMMARY,HIRE_DATE,DATE,11
S_CURATED,V_HRBP_HEADCOUNT_SUMMARY,MANAGER_LEVEL_1_USERNAME,TEXT,14
S_CURATED,V_HRBP_HEADCOUNT_SUMMARY,MANAGER_LEVEL_1_NAME,TEXT,15
S_CURATED,V_HRBP_HEADCOUNT_SUMMARY,MANAGER_LEVEL_2_USERNAME,TEXT,16
S_CURATED,V_HRBP_HEADCOUNT_SUMMARY,MANAGER_LEVEL_2_NAME,TEXT,17
S_CURATED,V_HRBP_HEADCOUNT_SUMMARY,MANAGER_LEVEL_3_USERNAME,TEXT,18
S_CURATED,V_HRBP_HEADCOUNT_SUMMARY,MANAGER_LEVEL_3_NAME,TEXT,19
S_CURATED,V_HRBP_HEADCOUNT_SUMMARY,HIGHEST_DIRECTOR_USERNAME,TEXT,20
S_CURATED,V_HRBP_HEADCOUNT_SUMMARY,LOCATION,TEXT,23
S_CURATED,V_HRBP_HEADCOUNT_SUMMARY,REGION,TEXT,29
S_CURATED,V_HRBP_HEADCOUNT_SUMMARY,HIRE_TYPE,TEXT,47
S_CURATED,V_HRBP_HIRING_TRENDS,APPLICATION_ID,NUMBER,3
S_CURATED,V_HRBP_HIRING_TRENDS,TTS_SLA,NUMBER,14
S_CURATED,V_HRBP_HIRING_TRENDS,LOCATION,TEXT,16
S_CURATED,V_HRBP_HIRING_TRENDS,HIRING_MANAGER,TEXT,29
S_CURATED,V_HRBP_HIRING_TRENDS,HIRING_MANAGER_USERNAME,TEXT,30
S_CURATED,V_HRBP_HIRING_TRENDS,USERNAME_MANAGER_01,TEXT,31
S_CURATED,V_HRBP_HIRING_TRENDS,MANAGER_NAME_01,TEXT,32
S_CURATED,V_HRBP_HIRING_TRENDS,USERNAME_MANAGER_02,TEXT,33
S_CURATED,V_HRBP_HIRING_TRENDS,MANAGER_NAME_02,TEXT,34
S_CURATED,V_HRBP_HIRING_TRENDS,USERNAME_MANAGER_03,TEXT,35
S_CURATED,V_HRBP_HIRING_TRENDS,MANAGER_NAME_03,TEXT,36
S_CURATED,V_HRBP_HIRING_TRENDS,USERNAME_MANAGER_04,TEXT,37
S_CURATED,V_HRBP_HIRING_TRENDS,MANAGER_NAME_04,TEXT,38
S_CURATED,V_HRBP_HIRING_TRENDS,USERNAME_MANAGER_05,TEXT,39
S_CURATED,V_HRBP_HIRING_TRENDS,MANAGER_NAME_05,TEXT,40
S_CURATED,V_HRBP_HIRING_TRENDS,USERNAME_MANAGER_06,TEXT,41
S_CURATED,V_HRBP_HIRING_TRENDS,MANAGER_NAME_06,TEXT,42
S_CURATED,V_HRBP_HIRING_TRENDS,USERNAME_MANAGER_07,TEXT,43
S_CURATED,V_HRBP_HIRING_TRENDS,MANAGER_NAME_07,TEXT,44
S_CURATED,V_HRBP_HIRING_TRENDS,USERNAME_MANAGER_08,TEXT,45
S_CURATED,V_HRBP_HIRING_TRENDS,MANAGER_NAME_08,TEXT,46
S_CURATED,V_HRBP_HIRING_TRENDS,USERNAME_MANAGER_09,TEXT,47
S_CURATED,V_HRBP_HIRING_TRENDS,MANAGER_NAME_09,TEXT,48
S_CURATED,V_HRBP_HIRING_TRENDS,USERNAME_MANAGER_10,TEXT,49
S_CURATED,V_HRBP_HIRING_TRENDS,MANAGER_NAME_10,TEXT,50
S_CURATED,V_HRBP_HIRING_TRENDS,MISSED_SLA,TEXT,64
S_CURATED,V_HRBP_HIRING_TRENDS_UNIFIED,APPLICATION_ID,TEXT,3
S_CURATED,V_HRBP_HIRING_TRENDS_UNIFIED,TTS_SLA,NUMBER,14
S_CURATED,V_HRBP_HIRING_TRENDS_UNIFIED,LOCATION,TEXT,16
S_CURATED,V_HRBP_HIRING_TRENDS_UNIFIED,HIRING_MANAGER,TEXT,29
S_CURATED,V_HRBP_HIRING_TRENDS_UNIFIED,HIRING_MANAGER_USERNAME,TEXT,30
S_CURATED,V_HRBP_HIRING_TRENDS_UNIFIED,USERNAME_MANAGER_01,TEXT,31
S_CURATED,V_HRBP_HIRING_TRENDS_UNIFIED,MANAGER_NAME_01,TEXT,32
S_CURATED,V_HRBP_HIRING_TRENDS_UNIFIED,USERNAME_MANAGER_02,TEXT,33
S_CURATED,V_HRBP_HIRING_TRENDS_UNIFIED,MANAGER_NAME_02,TEXT,34
S_CURATED,V_HRBP_HIRING_TRENDS_UNIFIED,USERNAME_MANAGER_03,TEXT,35
S_CURATED,V_HRBP_HIRING_TRENDS_UNIFIED,MANAGER_NAME_03,TEXT,36
S_CURATED,V_HRBP_HIRING_TRENDS_UNIFIED,USERNAME_MANAGER_04,TEXT,37
S_CURATED,V_HRBP_HIRING_TRENDS_UNIFIED,MANAGER_NAME_04,TEXT,38
S_CURATED,V_HRBP_HIRING_TRENDS_UNIFIED,USERNAME_MANAGER_05,TEXT,39
S_CURATED,V_HRBP_HIRING_TRENDS_UNIFIED,MANAGER_NAME_05,TEXT,40
S_CURATED,V_HRBP_HIRING_TRENDS_UNIFIED,USERNAME_MANAGER_06,TEXT,41
S_CURATED,V_HRBP_HIRING_TRENDS_UNIFIED,MANAGER_NAME_06,TEXT,42
S_CURATED,V_HRBP_HIRING_TRENDS_UNIFIED,USERNAME_MANAGER_07,TEXT,43
S_CURATED,V_HRBP_HIRING_TRENDS_UNIFIED,MANAGER_NAME_07,TEXT,44
S_CURATED,V_HRBP_HIRING_TRENDS_UNIFIED,USERNAME_MANAGER_08,TEXT,45
S_CURATED,V_HRBP_HIRING_TRENDS_UNIFIED,MANAGER_NAME_08,TEXT,46
S_CURATED,V_HRBP_HIRING_TRENDS_UNIFIED,USERNAME_MANAGER_09,TEXT,47
S_CURATED,V_HRBP_HIRING_TRENDS_UNIFIED,MANAGER_NAME_09,TEXT,48
S_CURATED,V_HRBP_HIRING_TRENDS_UNIFIED,USERNAME_MANAGER_10,TEXT,49
S_CURATED,V_HRBP_HIRING_TRENDS_UNIFIED,MANAGER_NAME_10,TEXT,50
S_CURATED,V_HRBP_HIRING_TRENDS_UNIFIED,MISSED_SLA,TEXT,64
S_CURATED,V_HRBP_HIRING_TRENDS_V2,APPLICATION_ID,NUMBER,3
S_CURATED,V_HRBP_HIRING_TRENDS_V2,TTS_SLA,NUMBER,14
S_CURATED,V_HRBP_HIRING_TRENDS_V2,LOCATION,TEXT,16
S_CURATED,V_HRBP_HIRING_TRENDS_V2,HIRING_MANAGER,TEXT,29
S_CURATED,V_HRBP_HIRING_TRENDS_V2,HIRING_MANAGER_USERNAME,TEXT,30
S_CURATED,V_HRBP_HIRING_TRENDS_V2,USERNAME_MANAGER_01,TEXT,31
S_CURATED,V_HRBP_HIRING_TRENDS_V2,MANAGER_NAME_01,TEXT,32
S_CURATED,V_HRBP_HIRING_TRENDS_V2,USERNAME_MANAGER_02,TEXT,33
S_CURATED,V_HRBP_HIRING_TRENDS_V2,MANAGER_NAME_02,TEXT,34
S_CURATED,V_HRBP_HIRING_TRENDS_V2,USERNAME_MANAGER_03,TEXT,35
S_CURATED,V_HRBP_HIRING_TRENDS_V2,MANAGER_NAME_03,TEXT,36
S_CURATED,V_HRBP_HIRING_TRENDS_V2,USERNAME_MANAGER_04,TEXT,37
S_CURATED,V_HRBP_HIRING_TRENDS_V2,MANAGER_NAME_04,TEXT,38
S_CURATED,V_HRBP_HIRING_TRENDS_V2,USERNAME_MANAGER_05,TEXT,39
S_CURATED,V_HRBP_HIRING_TRENDS_V2,MANAGER_NAME_05,TEXT,40
S_CURATED,V_HRBP_HIRING_TRENDS_V2,USERNAME_MANAGER_06,TEXT,41
S_CURATED,V_HRBP_HIRING_TRENDS_V2,MANAGER_NAME_06,TEXT,42
S_CURATED,V_HRBP_HIRING_TRENDS_V2,USERNAME_MANAGER_07,TEXT,43
S_CURATED,V_HRBP_HIRING_TRENDS_V2,MANAGER_NAME_07,TEXT,44
S_CURATED,V_HRBP_HIRING_TRENDS_V2,USERNAME_MANAGER_08,TEXT,45
S_CURATED,V_HRBP_HIRING_TRENDS_V2,MANAGER_NAME_08,TEXT,46
S_CURATED,V_HRBP_HIRING_TRENDS_V2,USERNAME_MANAGER_09,TEXT,47
S_CURATED,V_HRBP_HIRING_TRENDS_V2,MANAGER_NAME_09,TEXT,48
S_CURATED,V_HRBP_HIRING_TRENDS_V2,USERNAME_MANAGER_10,TEXT,49
S_CURATED,V_HRBP_HIRING_TRENDS_V2,MANAGER_NAME_10,TEXT,50
S_CURATED,V_HRBP_HIRING_TRENDS_V2,MISSED_SLA,TEXT,64
S_CURATED,V_HRBP_SPANSNLAYERS,LEADER_USERNAME,TEXT,1
S_CURATED,V_HRBP_SPANSNLAYERS,LEADER_EMPLOYEE_ID,NUMBER,3
S_CURATED,V_HRBP_SPANSNLAYERS,EMPLOYEE_ID,NUMBER,5
S_CURATED,V_HRBP_SPANSNLAYERS,EMPLOYEE_USERNAME,TEXT,11
S_CURATED,V_HRBP_SPANSNLAYERS,EMPLOYEE_NAME,TEXT,12
S_CURATED,V_HRBP_SPANSNLAYERS,EMPLOYEE_TYPE,TEXT,13
S_CURATED,V_HRBP_SPANSNLAYERS,IS_MANAGER,TEXT,14
S_CURATED,V_HRBP_SPANSNLAYERS,WORKER_TYPE,TEXT,15
S_CURATED,V_HRBP_SPANSNLAYERS,HIRE_DATE,DATE,17
S_CURATED,V_HRBP_SPANSNLAYERS,USERNAME_MANAGER_01,TEXT,20
S_CURATED,V_HRBP_SPANSNLAYERS,MANAGER_NAME_01,TEXT,21
S_CURATED,V_HRBP_SPANSNLAYERS,USERNAME_MANAGER_02,TEXT,22
S_CURATED,V_HRBP_SPANSNLAYERS,MANAGER_NAME_02,TEXT,23
S_CURATED,V_HRBP_SPANSNLAYERS,USERNAME_MANAGER_03,TEXT,24
S_CURATED,V_HRBP_SPANSNLAYERS,MANAGER_NAME_03,TEXT,25
S_CURATED,V_HRBP_SPANSNLAYERS,USERNAME_MANAGER_04,TEXT,26
S_CURATED,V_HRBP_SPANSNLAYERS,MANAGER_NAME_04,TEXT,27
S_CURATED,V_HRBP_SPANSNLAYERS,USERNAME_MANAGER_05,TEXT,28
S_CURATED,V_HRBP_SPANSNLAYERS,MANAGER_NAME_05,TEXT,29
S_CURATED,V_HRBP_SPANSNLAYERS,USERNAME_MANAGER_06,TEXT,30
S_CURATED,V_HRBP_SPANSNLAYERS,MANAGER_NAME_06,TEXT,31
S_CURATED,V_HRBP_SPANSNLAYERS,USERNAME_MANAGER_07,TEXT,32
S_CURATED,V_HRBP_SPANSNLAYERS,MANAGER_NAME_07,TEXT,33
S_CURATED,V_HRBP_SPANSNLAYERS,USERNAME_MANAGER_08,TEXT,34
S_CURATED,V_HRBP_SPANSNLAYERS,MANAGER_NAME_08,TEXT,35
S_CURATED,V_HRBP_SPANSNLAYERS,USERNAME_MANAGER_09,TEXT,36
S_CURATED,V_HRBP_SPANSNLAYERS,MANAGER_NAME_09,TEXT,37
S_CURATED,V_HRBP_SPANSNLAYERS,USERNAME_MANAGER_10,TEXT,38
S_CURATED,V_HRBP_SPANSNLAYERS,MANAGER_NAME_10,TEXT,39
S_CURATED,V_HRBP_SPANSNLAYERS,HIGHEST_DIRECTOR_USERNAME,TEXT,40
S_CURATED,V_HRBP_SPANSNLAYERS,LOCATION,TEXT,43
S_CURATED,V_HRBP_SPANSNLAYERS,REGION,TEXT,50
S_CURATED,V_HRBP_SPANSNLAYERS,HIRING_MANAGER,TEXT,57
S_CURATED,V_HRBP_SPANSNLAYERS,HIRING_MANAGER_EMPLOYEE_ID,NUMBER,58
S_CURATED,V_HRBP_SPANSNLAYERS_NEW,LEADER_USERNAME,TEXT,1
S_CURATED,V_HRBP_SPANSNLAYERS_NEW,LEADER_EMPLOYEE_ID,NUMBER,3
S_CURATED,V_HRBP_SPANSNLAYERS_NEW,EMPLOYEE_ID,NUMBER,5
S_CURATED,V_HRBP_SPANSNLAYERS_NEW,EMPLOYEE_USERNAME,TEXT,11
S_CURATED,V_HRBP_SPANSNLAYERS_NEW,EMPLOYEE_NAME,TEXT,12
S_CURATED,V_HRBP_SPANSNLAYERS_NEW,EMPLOYEE_TYPE,TEXT,13
S_CURATED,V_HRBP_SPANSNLAYERS_NEW,IS_MANAGER,TEXT,14
S_CURATED,V_HRBP_SPANSNLAYERS_NEW,WORKER_TYPE,TEXT,15
S_CURATED,V_HRBP_SPANSNLAYERS_NEW,HIRE_DATE,DATE,17
S_CURATED,V_HRBP_SPANSNLAYERS_NEW,USERNAME_MANAGER_01,TEXT,20
S_CURATED,V_HRBP_SPANSNLAYERS_NEW,MANAGER_NAME_01,TEXT,21
S_CURATED,V_HRBP_SPANSNLAYERS_NEW,USERNAME_MANAGER_02,TEXT,22
S_CURATED,V_HRBP_SPANSNLAYERS_NEW,MANAGER_NAME_02,TEXT,23
S_CURATED,V_HRBP_SPANSNLAYERS_NEW,USERNAME_MANAGER_03,TEXT,24
S_CURATED,V_HRBP_SPANSNLAYERS_NEW,MANAGER_NAME_03,TEXT,25
S_CURATED,V_HRBP_SPANSNLAYERS_NEW,USERNAME_MANAGER_04,TEXT,26
S_CURATED,V_HRBP_SPANSNLAYERS_NEW,MANAGER_NAME_04,TEXT,27
S_CURATED,V_HRBP_SPANSNLAYERS_NEW,USERNAME_MANAGER_05,TEXT,28
S_CURATED,V_HRBP_SPANSNLAYERS_NEW,MANAGER_NAME_05,TEXT,29
S_CURATED,V_HRBP_SPANSNLAYERS_NEW,USERNAME_MANAGER_06,TEXT,30
S_CURATED,V_HRBP_SPANSNLAYERS_NEW,MANAGER_NAME_06,TEXT,31
S_CURATED,V_HRBP_SPANSNLAYERS_NEW,USERNAME_MANAGER_07,TEXT,32
S_CURATED,V_HRBP_SPANSNLAYERS_NEW,MANAGER_NAME_07,TEXT,33
S_CURATED,V_HRBP_SPANSNLAYERS_NEW,USERNAME_MANAGER_08,TEXT,34
S_CURATED,V_HRBP_SPANSNLAYERS_NEW,MANAGER_NAME_08,TEXT,35
S_CURATED,V_HRBP_SPANSNLAYERS_NEW,USERNAME_MANAGER_09,TEXT,36
S_CURATED,V_HRBP_SPANSNLAYERS_NEW,MANAGER_NAME_09,TEXT,37
S_CURATED,V_HRBP_SPANSNLAYERS_NEW,USERNAME_MANAGER_10,TEXT,38
S_CURATED,V_HRBP_SPANSNLAYERS_NEW,MANAGER_NAME_10,TEXT,39
S_CURATED,V_HRBP_SPANSNLAYERS_NEW,HIGHEST_DIRECTOR_USERNAME,TEXT,40
S_CURATED,V_HRBP_SPANSNLAYERS_NEW,LOCATION,TEXT,44
S_CURATED,V_HRBP_SPANSNLAYERS_NEW,REGION,TEXT,50
S_CURATED,V_HRBP_SPANSNLAYERS_NEW,HIRING_MANAGER,TEXT,57
S_CURATED,V_HRBP_SPANSNLAYERS_NEW,HIRING_MANAGER_EMPLOYEE_ID,NUMBER,58
S_CURATED,V_HRBP_SPANSNLAYERS_NEW_V2,LEADER_USERNAME,TEXT,1
S_CURATED,V_HRBP_SPANSNLAYERS_NEW_V2,LEADER_EMPLOYEE_ID,NUMBER,3
S_CURATED,V_HRBP_SPANSNLAYERS_NEW_V2,EMPLOYEE_ID,NUMBER,5
S_CURATED,V_HRBP_SPANSNLAYERS_NEW_V2,EMPLOYEE_USERNAME,TEXT,11
S_CURATED,V_HRBP_SPANSNLAYERS_NEW_V2,EMPLOYEE_NAME,TEXT,12
S_CURATED,V_HRBP_SPANSNLAYERS_NEW_V2,EMPLOYEE_TYPE,TEXT,13
S_CURATED,V_HRBP_SPANSNLAYERS_NEW_V2,IS_MANAGER,TEXT,14
S_CURATED,V_HRBP_SPANSNLAYERS_NEW_V2,WORKER_TYPE,TEXT,15
S_CURATED,V_HRBP_SPANSNLAYERS_NEW_V2,HIRE_DATE,DATE,17
S_CURATED,V_HRBP_SPANSNLAYERS_NEW_V2,USERNAME_MANAGER_01,TEXT,20
S_CURATED,V_HRBP_SPANSNLAYERS_NEW_V2,MANAGER_NAME_01,TEXT,21
S_CURATED,V_HRBP_SPANSNLAYERS_NEW_V2,USERNAME_MANAGER_02,TEXT,22
S_CURATED,V_HRBP_SPANSNLAYERS_NEW_V2,MANAGER_NAME_02,TEXT,23
S_CURATED,V_HRBP_SPANSNLAYERS_NEW_V2,USERNAME_MANAGER_03,TEXT,24
S_CURATED,V_HRBP_SPANSNLAYERS_NEW_V2,MANAGER_NAME_03,TEXT,25
S_CURATED,V_HRBP_SPANSNLAYERS_NEW_V2,USERNAME_MANAGER_04,TEXT,26
S_CURATED,V_HRBP_SPANSNLAYERS_NEW_V2,MANAGER_NAME_04,TEXT,27
S_CURATED,V_HRBP_SPANSNLAYERS_NEW_V2,USERNAME_MANAGER_05,TEXT,28
S_CURATED,V_HRBP_SPANSNLAYERS_NEW_V2,MANAGER_NAME_05,TEXT,29
S_CURATED,V_HRBP_SPANSNLAYERS_NEW_V2,USERNAME_MANAGER_06,TEXT,30
S_CURATED,V_HRBP_SPANSNLAYERS_NEW_V2,MANAGER_NAME_06,TEXT,31
S_CURATED,V_HRBP_SPANSNLAYERS_NEW_V2,USERNAME_MANAGER_07,TEXT,32
S_CURATED,V_HRBP_SPANSNLAYERS_NEW_V2,MANAGER_NAME_07,TEXT,33
S_CURATED,V_HRBP_SPANSNLAYERS_NEW_V2,USERNAME_MANAGER_08,TEXT,34
S_CURATED,V_HRBP_SPANSNLAYERS_NEW_V2,MANAGER_NAME_08,TEXT,35
S_CURATED,V_HRBP_SPANSNLAYERS_NEW_V2,USERNAME_MANAGER_09,TEXT,36
S_CURATED,V_HRBP_SPANSNLAYERS_NEW_V2,MANAGER_NAME_09,TEXT,37
S_CURATED,V_HRBP_SPANSNLAYERS_NEW_V2,USERNAME_MANAGER_10,TEXT,38
S_CURATED,V_HRBP_SPANSNLAYERS_NEW_V2,MANAGER_NAME_10,TEXT,39
S_CURATED,V_HRBP_SPANSNLAYERS_NEW_V2,HIGHEST_DIRECTOR_USERNAME,TEXT,40
S_CURATED,V_HRBP_SPANSNLAYERS_NEW_V2,LOCATION,TEXT,44
S_CURATED,V_HRBP_SPANSNLAYERS_NEW_V2,REGION,TEXT,50
S_CURATED,V_HRBP_SPANSNLAYERS_NEW_V2,HIRING_MANAGER,TEXT,57
S_CURATED,V_HRBP_SPANSNLAYERS_NEW_V2,HIRING_MANAGER_EMPLOYEE_ID,NUMBER,58
S_CURATED,V_HRBP_SPANSNLAYERS_UNIFIED,LEADER_USERNAME,TEXT,1
S_CURATED,V_HRBP_SPANSNLAYERS_UNIFIED,LEADER_EMPLOYEE_ID,NUMBER,3
S_CURATED,V_HRBP_SPANSNLAYERS_UNIFIED,EMPLOYEE_ID,NUMBER,5
S_CURATED,V_HRBP_SPANSNLAYERS_UNIFIED,EMPLOYEE_USERNAME,TEXT,11
S_CURATED,V_HRBP_SPANSNLAYERS_UNIFIED,EMPLOYEE_NAME,TEXT,12
S_CURATED,V_HRBP_SPANSNLAYERS_UNIFIED,EMPLOYEE_TYPE,TEXT,13
S_CURATED,V_HRBP_SPANSNLAYERS_UNIFIED,IS_MANAGER,TEXT,14
S_CURATED,V_HRBP_SPANSNLAYERS_UNIFIED,WORKER_TYPE,TEXT,15
S_CURATED,V_HRBP_SPANSNLAYERS_UNIFIED,HIRE_DATE,DATE,17
S_CURATED,V_HRBP_SPANSNLAYERS_UNIFIED,USERNAME_MANAGER_01,TEXT,20
S_CURATED,V_HRBP_SPANSNLAYERS_UNIFIED,MANAGER_NAME_01,TEXT,21
S_CURATED,V_HRBP_SPANSNLAYERS_UNIFIED,USERNAME_MANAGER_02,TEXT,22
S_CURATED,V_HRBP_SPANSNLAYERS_UNIFIED,MANAGER_NAME_02,TEXT,23
S_CURATED,V_HRBP_SPANSNLAYERS_UNIFIED,USERNAME_MANAGER_03,TEXT,24
S_CURATED,V_HRBP_SPANSNLAYERS_UNIFIED,MANAGER_NAME_03,TEXT,25
S_CURATED,V_HRBP_SPANSNLAYERS_UNIFIED,USERNAME_MANAGER_04,TEXT,26
S_CURATED,V_HRBP_SPANSNLAYERS_UNIFIED,MANAGER_NAME_04,TEXT,27
S_CURATED,V_HRBP_SPANSNLAYERS_UNIFIED,USERNAME_MANAGER_05,TEXT,28
S_CURATED,V_HRBP_SPANSNLAYERS_UNIFIED,MANAGER_NAME_05,TEXT,29
S_CURATED,V_HRBP_SPANSNLAYERS_UNIFIED,USERNAME_MANAGER_06,TEXT,30
S_CURATED,V_HRBP_SPANSNLAYERS_UNIFIED,MANAGER_NAME_06,TEXT,31
S_CURATED,V_HRBP_SPANSNLAYERS_UNIFIED,USERNAME_MANAGER_07,TEXT,32
S_CURATED,V_HRBP_SPANSNLAYERS_UNIFIED,MANAGER_NAME_07,TEXT,33
S_CURATED,V_HRBP_SPANSNLAYERS_UNIFIED,USERNAME_MANAGER_08,TEXT,34
S_CURATED,V_HRBP_SPANSNLAYERS_UNIFIED,MANAGER_NAME_08,TEXT,35
S_CURATED,V_HRBP_SPANSNLAYERS_UNIFIED,USERNAME_MANAGER_09,TEXT,36
S_CURATED,V_HRBP_SPANSNLAYERS_UNIFIED,MANAGER_NAME_09,TEXT,37
S_CURATED,V_HRBP_SPANSNLAYERS_UNIFIED,USERNAME_MANAGER_10,TEXT,38
S_CURATED,V_HRBP_SPANSNLAYERS_UNIFIED,MANAGER_NAME_10,TEXT,39
S_CURATED,V_HRBP_SPANSNLAYERS_UNIFIED,HIGHEST_DIRECTOR_USERNAME,TEXT,40
S_CURATED,V_HRBP_SPANSNLAYERS_UNIFIED,LOCATION,TEXT,44
S_CURATED,V_HRBP_SPANSNLAYERS_UNIFIED,REGION,TEXT,50
S_CURATED,V_HRBP_SPANSNLAYERS_UNIFIED,HIRING_MANAGER,TEXT,57
S_CURATED,V_HRBP_SPANSNLAYERS_UNIFIED,HIRING_MANAGER_EMPLOYEE_ID,NUMBER,58
S_CURATED,V_HRBP_SPANSNLAYERS_V2,LEADER_USERNAME,TEXT,1
S_CURATED,V_HRBP_SPANSNLAYERS_V2,LEADER_EMPLOYEE_ID,NUMBER,3
S_CURATED,V_HRBP_SPANSNLAYERS_V2,EMPLOYEE_ID,NUMBER,5
S_CURATED,V_HRBP_SPANSNLAYERS_V2,EMPLOYEE_USERNAME,TEXT,11
S_CURATED,V_HRBP_SPANSNLAYERS_V2,EMPLOYEE_NAME,TEXT,12
S_CURATED,V_HRBP_SPANSNLAYERS_V2,EMPLOYEE_TYPE,TEXT,13
S_CURATED,V_HRBP_SPANSNLAYERS_V2,IS_MANAGER,TEXT,14
S_CURATED,V_HRBP_SPANSNLAYERS_V2,WORKER_TYPE,TEXT,15
S_CURATED,V_HRBP_SPANSNLAYERS_V2,HIRE_DATE,DATE,17
S_CURATED,V_HRBP_SPANSNLAYERS_V2,USERNAME_MANAGER_01,TEXT,20
S_CURATED,V_HRBP_SPANSNLAYERS_V2,MANAGER_NAME_01,TEXT,21
S_CURATED,V_HRBP_SPANSNLAYERS_V2,USERNAME_MANAGER_02,TEXT,22
S_CURATED,V_HRBP_SPANSNLAYERS_V2,MANAGER_NAME_02,TEXT,23
S_CURATED,V_HRBP_SPANSNLAYERS_V2,USERNAME_MANAGER_03,TEXT,24
S_CURATED,V_HRBP_SPANSNLAYERS_V2,MANAGER_NAME_03,TEXT,25
S_CURATED,V_HRBP_SPANSNLAYERS_V2,USERNAME_MANAGER_04,TEXT,26
S_CURATED,V_HRBP_SPANSNLAYERS_V2,MANAGER_NAME_04,TEXT,27
S_CURATED,V_HRBP_SPANSNLAYERS_V2,USERNAME_MANAGER_05,TEXT,28
S_CURATED,V_HRBP_SPANSNLAYERS_V2,MANAGER_NAME_05,TEXT,29
S_CURATED,V_HRBP_SPANSNLAYERS_V2,USERNAME_MANAGER_06,TEXT,30
S_CURATED,V_HRBP_SPANSNLAYERS_V2,MANAGER_NAME_06,TEXT,31
S_CURATED,V_HRBP_SPANSNLAYERS_V2,USERNAME_MANAGER_07,TEXT,32
S_CURATED,V_HRBP_SPANSNLAYERS_V2,MANAGER_NAME_07,TEXT,33
S_CURATED,V_HRBP_SPANSNLAYERS_V2,USERNAME_MANAGER_08,TEXT,34
S_CURATED,V_HRBP_SPANSNLAYERS_V2,MANAGER_NAME_08,TEXT,35
S_CURATED,V_HRBP_SPANSNLAYERS_V2,USERNAME_MANAGER_09,TEXT,36
S_CURATED,V_HRBP_SPANSNLAYERS_V2,MANAGER_NAME_09,TEXT,37
S_CURATED,V_HRBP_SPANSNLAYERS_V2,USERNAME_MANAGER_10,TEXT,38
S_CURATED,V_HRBP_SPANSNLAYERS_V2,MANAGER_NAME_10,TEXT,39
S_CURATED,V_HRBP_SPANSNLAYERS_V2,HIGHEST_DIRECTOR_USERNAME,TEXT,40
S_CURATED,V_HRBP_SPANSNLAYERS_V2,LOCATION,TEXT,43
S_CURATED,V_HRBP_SPANSNLAYERS_V2,REGION,TEXT,50
S_CURATED,V_HRBP_SPANSNLAYERS_V2,HIRING_MANAGER,TEXT,57
S_CURATED,V_HRBP_SPANSNLAYERS_V2,HIRING_MANAGER_EMPLOYEE_ID,NUMBER,58
S_CURATED,V_MBR,EMPLOYEE_ID,NUMBER,1
S_CURATED,V_MBR,EMPLOYEE_USERNAME,TEXT,6
S_CURATED,V_MBR,EMPLOYEE_NAME,TEXT,7
S_CURATED,V_MBR,EMPLOYEE_TYPE,TEXT,8
S_CURATED,V_MBR,IS_MANAGER,NUMBER,9
S_CURATED,V_MBR,WORKER_TYPE,TEXT,10
S_CURATED,V_MBR,HIRE_DATE,DATE,12
S_CURATED,V_MBR,MANAGER_LEVEL_1_USERNAME,TEXT,17
S_CURATED,V_MBR,MANAGER_LEVEL_1_NAME,TEXT,18
S_CURATED,V_MBR,MANAGER_LEVEL_2_USERNAME,TEXT,19
S_CURATED,V_MBR,MANAGER_LEVEL_2_NAME,TEXT,20
S_CURATED,V_MBR,MANAGER_LEVEL_3_USERNAME,TEXT,21
S_CURATED,V_MBR,MANAGER_LEVEL_3_NAME,TEXT,22
S_CURATED,V_MBR,HIGHEST_DIRECTOR_USERNAME,TEXT,23
S_CURATED,V_MBR,LOCATION,TEXT,26
S_CURATED,V_MBR,REGION,TEXT,27
S_CURATED,V_MBR,APPLICATION_ID,NUMBER,46
S_CURATED,V_MBR,TTS_SLA,NUMBER,56
S_CURATED,V_MBR,SLA_SUCCESS,TEXT,57
S_CURATED,V_MBR,HIRING_MANAGER,TEXT,65
S_CURATED,V_MBR,HIRING_MANAGER_USERNAME,TEXT,66
S_CURATED,V_MBR,MISSED_SLA,TEXT,79
S_CURATED,V_MBR_V2,EMPLOYEE_ID,NUMBER,1
S_CURATED,V_MBR_V2,EMPLOYEE_USERNAME,TEXT,6
S_CURATED,V_MBR_V2,EMPLOYEE_NAME,TEXT,7
S_CURATED,V_MBR_V2,EMPLOYEE_TYPE,TEXT,8
S_CURATED,V_MBR_V2,IS_MANAGER,NUMBER,9
S_CURATED,V_MBR_V2,WORKER_TYPE,TEXT,10
S_CURATED,V_MBR_V2,HIRE_DATE,DATE,12
S_CURATED,V_MBR_V2,MANAGER_LEVEL_1_USERNAME,TEXT,17
S_CURATED,V_MBR_V2,MANAGER_LEVEL_1_NAME,TEXT,18
S_CURATED,V_MBR_V2,MANAGER_LEVEL_2_USERNAME,TEXT,19
S_CURATED,V_MBR_V2,MANAGER_LEVEL_2_NAME,TEXT,20
S_CURATED,V_MBR_V2,MANAGER_LEVEL_3_USERNAME,TEXT,21
S_CURATED,V_MBR_V2,MANAGER_LEVEL_3_NAME,TEXT,22
S_CURATED,V_MBR_V2,HIGHEST_DIRECTOR_USERNAME,TEXT,23
S_CURATED,V_MBR_V2,LOCATION,TEXT,26
S_CURATED,V_MBR_V2,REGION,TEXT,27
S_CURATED,V_MBR_V2,APPLICATION_ID,NUMBER,46
S_CURATED,V_MBR_V2,TTS_SLA,NUMBER,56
S_CURATED,V_MBR_V2,SLA_SUCCESS,TEXT,57
S_CURATED,V_MBR_V2,HIRING_MANAGER,TEXT,65
S_CURATED,V_MBR_V2,HIRING_MANAGER_USERNAME,TEXT,66
S_CURATED,V_MBR_V2,MISSED_SLA,TEXT,79
S_CURATED,V_STERLING_DATA_AA,EMPLOYEE_ID,TEXT,4
S_CURATED,V_VIKING_FUNNEL,APPLICATION_ID,NUMBER,1
S_CURATED,V_VIKING_FUNNEL,LOCATION,TEXT,10
S_CURATED,V_VIKING_FUNNEL,HIRING_MANAGER,TEXT,13
S_CURATED,V_VIKING_FUNNEL,HIRING_MANAGER_USERNAME,TEXT,14
S_CURATED,V_VIKING_FUNNEL,USERNAME_MANAGER_01,TEXT,15
S_CURATED,V_VIKING_FUNNEL,MANAGER_NAME_01,TEXT,16
S_CURATED,V_VIKING_FUNNEL,USERNAME_MANAGER_02,TEXT,17
S_CURATED,V_VIKING_FUNNEL,MANAGER_NAME_02,TEXT,18
S_CURATED,V_VIKING_FUNNEL,USERNAME_MANAGER_03,TEXT,19
S_CURATED,V_VIKING_FUNNEL,MANAGER_NAME_03,TEXT,20
S_CURATED,V_VIKING_FUNNEL,USERNAME_MANAGER_04,TEXT,21
S_CURATED,V_VIKING_FUNNEL,MANAGER_NAME_04,TEXT,22
S_CURATED,V_VIKING_FUNNEL,USERNAME_MANAGER_05,TEXT,23
S_CURATED,V_VIKING_FUNNEL,MANAGER_NAME_05,TEXT,24
S_CURATED,V_VIKING_FUNNEL,USERNAME_MANAGER_06,TEXT,25
S_CURATED,V_VIKING_FUNNEL,MANAGER_NAME_06,TEXT,26
S_CURATED,V_VIKING_FUNNEL,USERNAME_MANAGER_07,TEXT,27
S_CURATED,V_VIKING_FUNNEL,MANAGER_NAME_07,TEXT,28
S_CURATED,V_VIKING_FUNNEL,USERNAME_MANAGER_08,TEXT,29
S_CURATED,V_VIKING_FUNNEL,MANAGER_NAME_08,TEXT,30
S_CURATED,V_VIKING_FUNNEL,USERNAME_MANAGER_09,TEXT,31
S_CURATED,V_VIKING_FUNNEL,MANAGER_NAME_09,TEXT,32
S_CURATED,V_VIKING_FUNNEL,USERNAME_MANAGER_10,TEXT,33
S_CURATED,V_VIKING_FUNNEL,MANAGER_NAME_10,TEXT,34
S_CURATED,V_VIKING_FUNNEL_V2,APPLICATION_ID,NUMBER,1
S_CURATED,V_VIKING_FUNNEL_V2,LOCATION,TEXT,10
S_CURATED,V_VIKING_FUNNEL_V2,HIRING_MANAGER,TEXT,13
S_CURATED,V_VIKING_FUNNEL_V2,HIRING_MANAGER_USERNAME,TEXT,14
S_CURATED,V_VIKING_FUNNEL_V2,USERNAME_MANAGER_01,TEXT,15
S_CURATED,V_VIKING_FUNNEL_V2,MANAGER_NAME_01,TEXT,16
S_CURATED,V_VIKING_FUNNEL_V2,USERNAME_MANAGER_02,TEXT,17
S_CURATED,V_VIKING_FUNNEL_V2,MANAGER_NAME_02,TEXT,18
S_CURATED,V_VIKING_FUNNEL_V2,USERNAME_MANAGER_03,TEXT,19
S_CURATED,V_VIKING_FUNNEL_V2,MANAGER_NAME_03,TEXT,20
S_CURATED,V_VIKING_FUNNEL_V2,USERNAME_MANAGER_04,TEXT,21
S_CURATED,V_VIKING_FUNNEL_V2,MANAGER_NAME_04,TEXT,22
S_CURATED,V_VIKING_FUNNEL_V2,USERNAME_MANAGER_05,TEXT,23
S_CURATED,V_VIKING_FUNNEL_V2,MANAGER_NAME_05,TEXT,24
S_CURATED,V_VIKING_FUNNEL_V2,USERNAME_MANAGER_06,TEXT,25
S_CURATED,V_VIKING_FUNNEL_V2,MANAGER_NAME_06,TEXT,26
S_CURATED,V_VIKING_FUNNEL_V2,USERNAME_MANAGER_07,TEXT,27
S_CURATED,V_VIKING_FUNNEL_V2,MANAGER_NAME_07,TEXT,28
S_CURATED,V_VIKING_FUNNEL_V2,USERNAME_MANAGER_08,TEXT,29
S_CURATED,V_VIKING_FUNNEL_V2,MANAGER_NAME_08,TEXT,30
S_CURATED,V_VIKING_FUNNEL_V2,USERNAME_MANAGER_09,TEXT,31
S_CURATED,V_VIKING_FUNNEL_V2,MANAGER_NAME_09,TEXT,32
S_CURATED,V_VIKING_FUNNEL_V2,USERNAME_MANAGER_10,TEXT,33
S_CURATED,V_VIKING_FUNNEL_V2,MANAGER_NAME_10,TEXT,34
S_CURATED,V_VIKING_HIRING_TRENDS,APPLICATION_ID,NUMBER,3
S_CURATED,V_VIKING_HIRING_TRENDS,TTS_SLA,NUMBER,14
S_CURATED,V_VIKING_HIRING_TRENDS,LOCATION,TEXT,16
S_CURATED,V_VIKING_HIRING_TRENDS,HIRING_MANAGER,TEXT,28
S_CURATED,V_VIKING_HIRING_TRENDS,HIRING_MANAGER_USERNAME,TEXT,29
S_CURATED,V_VIKING_HIRING_TRENDS,USERNAME_MANAGER_01,TEXT,30
S_CURATED,V_VIKING_HIRING_TRENDS,MANAGER_NAME_01,TEXT,31
S_CURATED,V_VIKING_HIRING_TRENDS,USERNAME_MANAGER_02,TEXT,32
S_CURATED,V_VIKING_HIRING_TRENDS,MANAGER_NAME_02,TEXT,33
S_CURATED,V_VIKING_HIRING_TRENDS,USERNAME_MANAGER_03,TEXT,34
S_CURATED,V_VIKING_HIRING_TRENDS,MANAGER_NAME_03,TEXT,35
S_CURATED,V_VIKING_HIRING_TRENDS,USERNAME_MANAGER_04,TEXT,36
S_CURATED,V_VIKING_HIRING_TRENDS,MANAGER_NAME_04,TEXT,37
S_CURATED,V_VIKING_HIRING_TRENDS,USERNAME_MANAGER_05,TEXT,38
S_CURATED,V_VIKING_HIRING_TRENDS,MANAGER_NAME_05,TEXT,39
S_CURATED,V_VIKING_HIRING_TRENDS,USERNAME_MANAGER_06,TEXT,40
S_CURATED,V_VIKING_HIRING_TRENDS,MANAGER_NAME_06,TEXT,41
S_CURATED,V_VIKING_HIRING_TRENDS,USERNAME_MANAGER_07,TEXT,42
S_CURATED,V_VIKING_HIRING_TRENDS,MANAGER_NAME_07,TEXT,43
S_CURATED,V_VIKING_HIRING_TRENDS,USERNAME_MANAGER_08,TEXT,44
S_CURATED,V_VIKING_HIRING_TRENDS,MANAGER_NAME_08,TEXT,45
S_CURATED,V_VIKING_HIRING_TRENDS,USERNAME_MANAGER_09,TEXT,46
S_CURATED,V_VIKING_HIRING_TRENDS,MANAGER_NAME_09,TEXT,47
S_CURATED,V_VIKING_HIRING_TRENDS,USERNAME_MANAGER_10,TEXT,48
S_CURATED,V_VIKING_HIRING_TRENDS,MANAGER_NAME_10,TEXT,49
S_CURATED,V_VIKING_HIRING_TRENDS,MISSED_SLA,TEXT,63
S_CURATED,V_VIKING_HIRING_TRENDS_V2,APPLICATION_ID,NUMBER,3
S_CURATED,V_VIKING_HIRING_TRENDS_V2,TTS_SLA,NUMBER,14
S_CURATED,V_VIKING_HIRING_TRENDS_V2,LOCATION,TEXT,16
S_CURATED,V_VIKING_HIRING_TRENDS_V2,HIRING_MANAGER,TEXT,28
S_CURATED,V_VIKING_HIRING_TRENDS_V2,HIRING_MANAGER_USERNAME,TEXT,29
S_CURATED,V_VIKING_HIRING_TRENDS_V2,USERNAME_MANAGER_01,TEXT,30
S_CURATED,V_VIKING_HIRING_TRENDS_V2,MANAGER_NAME_01,TEXT,31
S_CURATED,V_VIKING_HIRING_TRENDS_V2,USERNAME_MANAGER_02,TEXT,32
S_CURATED,V_VIKING_HIRING_TRENDS_V2,MANAGER_NAME_02,TEXT,33
S_CURATED,V_VIKING_HIRING_TRENDS_V2,USERNAME_MANAGER_03,TEXT,34
S_CURATED,V_VIKING_HIRING_TRENDS_V2,MANAGER_NAME_03,TEXT,35
S_CURATED,V_VIKING_HIRING_TRENDS_V2,USERNAME_MANAGER_04,TEXT,36
S_CURATED,V_VIKING_HIRING_TRENDS_V2,MANAGER_NAME_04,TEXT,37
S_CURATED,V_VIKING_HIRING_TRENDS_V2,USERNAME_MANAGER_05,TEXT,38
S_CURATED,V_VIKING_HIRING_TRENDS_V2,MANAGER_NAME_05,TEXT,39
S_CURATED,V_VIKING_HIRING_TRENDS_V2,USERNAME_MANAGER_06,TEXT,40
S_CURATED,V_VIKING_HIRING_TRENDS_V2,MANAGER_NAME_06,TEXT,41
S_CURATED,V_VIKING_HIRING_TRENDS_V2,USERNAME_MANAGER_07,TEXT,42
S_CURATED,V_VIKING_HIRING_TRENDS_V2,MANAGER_NAME_07,TEXT,43
S_CURATED,V_VIKING_HIRING_TRENDS_V2,USERNAME_MANAGER_08,TEXT,44
S_CURATED,V_VIKING_HIRING_TRENDS_V2,MANAGER_NAME_08,TEXT,45
S_CURATED,V_VIKING_HIRING_TRENDS_V2,USERNAME_MANAGER_09,TEXT,46
S_CURATED,V_VIKING_HIRING_TRENDS_V2,MANAGER_NAME_09,TEXT,47
S_CURATED,V_VIKING_HIRING_TRENDS_V2,USERNAME_MANAGER_10,TEXT,48
S_CURATED,V_VIKING_HIRING_TRENDS_V2,MANAGER_NAME_10,TEXT,49
S_CURATED,V_VIKING_HIRING_TRENDS_V2,MISSED_SLA,TEXT,63
S_CURATED,V_VIKING_SUMMARY,EMPLOYEE_ID,NUMBER,1
S_CURATED,V_VIKING_SUMMARY,EMPLOYEE_USERNAME,TEXT,6
S_CURATED,V_VIKING_SUMMARY,EMPLOYEE_NAME,TEXT,7
S_CURATED,V_VIKING_SUMMARY,EMPLOYEE_TYPE,TEXT,8
S_CURATED,V_VIKING_SUMMARY,WORKER_TYPE,TEXT,9
S_CURATED,V_VIKING_SUMMARY,HIRE_DATE,DATE,11
S_CURATED,V_VIKING_SUMMARY,MANAGER_LEVEL_1_USERNAME,TEXT,14
S_CURATED,V_VIKING_SUMMARY,MANAGER_LEVEL_1_NAME,TEXT,15
S_CURATED,V_VIKING_SUMMARY,MANAGER_LEVEL_2_USERNAME,TEXT,16
S_CURATED,V_VIKING_SUMMARY,MANAGER_LEVEL_2_NAME,TEXT,17
S_CURATED,V_VIKING_SUMMARY,MANAGER_LEVEL_3_USERNAME,TEXT,18
S_CURATED,V_VIKING_SUMMARY,MANAGER_LEVEL_3_NAME,TEXT,19
S_CURATED,V_VIKING_SUMMARY,HIGHEST_DIRECTOR_USERNAME,TEXT,20
S_CURATED,V_VIKING_SUMMARY,LOCATION,TEXT,24
S_CURATED,V_VIKING_SUMMARY,REGION,TEXT,30
S_CURATED,V_VIKING_SUMMARY,HIRE_TYPE,TEXT,48
S_CURATED,V_WBR_OFFERS_RESOLVED,POSITION_LOCATION,TEXT,7
S_CURATED,V_WBR_OFFERS_RESOLVED,TTS_SLA,NUMBER,13
S_CURATED,V_WBR_OFFERS_RESOLVED,APPLICATION_ID,NUMBER,14
S_CURATED,V_WBR_OFFERS_RESOLVED,MANAGER_NAME,TEXT,16
S_CURATED,V_WBR_OFFERS_RESOLVED,SLA_SUCCESS,TEXT,23
S_CURATED,V_WBR_OPENVSACCEPTED,LOCATION,TEXT,7
S_CURATED,V_WBR_OPENVSACCEPTED,TTS_SLA,NUMBER,13
S_CURATED,V_WBR_OPENVSACCEPTED,SLA_SUCCESS,TEXT,14
S_CURATED,V_WBR_OPENVSACCEPTED,MANAGER_NAME,TEXT,16
S_CURATED,V_WBR_OPENVSACCEPTED,MISSED_SLA,TEXT,27
S_CURATED,V_WBR_REQUISITION,TTS_SLA,NUMBER,11
S_CURATED,V_WBR_REQUISITION,MANAGER_NAME,TEXT,14
S_CURATED,V_WBR_REQUISITION,MISSED_SLA,TEXT,21
S_CURATED,V_WBR_WOW_ACTIVITY,APPLICATION_ID,NUMBER,1
S_CURATED,V_WBR_WOW_ACTIVITY,LOCATION,TEXT,7
S_CURATED,V_WBR_WOW_ACTIVITY,HIRING_MANAGER,TEXT,9
S_CURATED,V_WBR_WOW_ACTIVITY,MANAGER_LEVEL_1,TEXT,10
S_CURATED,V_WBR_WOW_ACTIVITY,MANAGER_LEVEL_1_USERNAME,TEXT,11
S_CURATED,V_WBR_WOW_ACTIVITY,MANAGER_LEVEL_2,TEXT,12
S_CURATED,V_WBR_WOW_ACTIVITY,MANAGER_LEVEL_2_USERNAME,TEXT,13
S_CURATED,V_WBR_WOW_ACTIVITY,MANAGER_LEVEL_3,TEXT,14
S_CURATED,V_WBR_WOW_ACTIVITY,MANAGER_LEVEL_3_USERNAME,TEXT,15
S_CURATED,V_WBR_WOW_ACTIVITY,HIGHEST_DIRECTOR_USERNAME,TEXT,17
S_CURATED,V_WBR_WOW_ACTIVITY,USERNAME_MANAGER_01,TEXT,18
S_CURATED,V_WBR_WOW_ACTIVITY,USERNAME_MANAGER_02,TEXT,19
S_CURATED,V_WBR_WOW_ACTIVITY,USERNAME_MANAGER_03,TEXT,20
S_CURATED,V_WBR_WOW_ACTIVITY,USERNAME_MANAGER_04,TEXT,21
S_CURATED,V_WBR_WOW_ACTIVITY,USERNAME_MANAGER_05,TEXT,22
S_CURATED,V_WBR_WOW_ACTIVITY,USERNAME_MANAGER_06,TEXT,23
S_CURATED,V_WBR_WOW_ACTIVITY,USERNAME_MANAGER_07,TEXT,24
S_CURATED,V_WBR_WOW_ACTIVITY,USERNAME_MANAGER_08,TEXT,25
S_CURATED,V_WBR_WOW_ACTIVITY,USERNAME_MANAGER_09,TEXT,26
S_CURATED,V_WBR_WOW_ACTIVITY,USERNAME_MANAGER_10,TEXT,27
S_CURATED,V_WBR_WOW_ACTIVITY_V2,APPLICATION_ID,NUMBER,1
S_CURATED,V_WBR_WOW_ACTIVITY_V2,LOCATION,TEXT,7
S_CURATED,V_WBR_WOW_ACTIVITY_V2,HIRING_MANAGER,TEXT,9
S_CURATED,V_WBR_WOW_ACTIVITY_V2,MANAGER_LEVEL_1,TEXT,10
S_CURATED,V_WBR_WOW_ACTIVITY_V2,MANAGER_LEVEL_1_USERNAME,TEXT,11
S_CURATED,V_WBR_WOW_ACTIVITY_V2,MANAGER_LEVEL_2,TEXT,12
S_CURATED,V_WBR_WOW_ACTIVITY_V2,MANAGER_LEVEL_2_USERNAME,TEXT,13
S_CURATED,V_WBR_WOW_ACTIVITY_V2,MANAGER_LEVEL_3,TEXT,14
S_CURATED,V_WBR_WOW_ACTIVITY_V2,MANAGER_LEVEL_3_USERNAME,TEXT,15
S_CURATED,V_WBR_WOW_ACTIVITY_V2,HIGHEST_DIRECTOR_USERNAME,TEXT,17
S_CURATED,V_WBR_WOW_ACTIVITY_V2,USERNAME_MANAGER_01,TEXT,18
S_CURATED,V_WBR_WOW_ACTIVITY_V2,USERNAME_MANAGER_02,TEXT,19
S_CURATED,V_WBR_WOW_ACTIVITY_V2,USERNAME_MANAGER_03,TEXT,20
S_CURATED,V_WBR_WOW_ACTIVITY_V2,USERNAME_MANAGER_04,TEXT,21
S_CURATED,V_WBR_WOW_ACTIVITY_V2,USERNAME_MANAGER_05,TEXT,22
S_CURATED,V_WBR_WOW_ACTIVITY_V2,USERNAME_MANAGER_06,TEXT,23
S_CURATED,V_WBR_WOW_ACTIVITY_V2,USERNAME_MANAGER_07,TEXT,24
S_CURATED,V_WBR_WOW_ACTIVITY_V2,USERNAME_MANAGER_08,TEXT,25
S_CURATED,V_WBR_WOW_ACTIVITY_V2,USERNAME_MANAGER_09,TEXT,26
S_CURATED,V_WBR_WOW_ACTIVITY_V2,USERNAME_MANAGER_10,TEXT,27
S_CURATED,WORKER_JOB_HISTORY,EMPLOYEE_ID,NUMBER,2
S_CURATED,WORKER_JOB_HISTORY,CURRENT_EMPLOYEE_FLAG,TEXT,7
S_CURATED,WORKER_JOB_HISTORY,EMPLOYEE_USERNAME,TEXT,10
S_CURATED,WORKER_JOB_HISTORY,EMPLOYEE_NAME,TEXT,14
S_CURATED,WORKER_JOB_HISTORY,EMPLOYEE_TYPE,TEXT,15
S_CURATED,WORKER_JOB_HISTORY,IS_MANAGER,TEXT,16
S_CURATED,WORKER_JOB_HISTORY,WORKER_TYPE,TEXT,17
S_CURATED,WORKER_JOB_HISTORY,HIRE_DATE,DATE,19
S_CURATED,WORKER_JOB_HISTORY,LOCATION,TEXT,32
S_CURATED,WORKER_JOB_HISTORY,REGION,TEXT,40
S_CURATED,WORKER_JOB_HISTORY,EMPLOYEE_FULL_TIME_STATUS,TEXT,54
S_CURATED,WORKER_JOB_HISTORY,LOCATION_CODE,TEXT,55
S_CURATED,WORKER_JOB_HISTORY,EMPLOYEE_EXEMPT_STATUS,TEXT,56
S_WORKDAY,ATS_APPLICATIONS,APPLICATION_WID,TEXT,1
S_WORKDAY,ATS_APPLICATIONS,APPLICATION_ID,TEXT,2
S_WORKDAY,ATS_APPLICATIONS,FC_APPLICATION_SCORE,NUMBER,10
S_WORKDAY,ATS_APPLICATIONS,APPLICATION_STAGE,TEXT,12
S_WORKDAY,ATS_APPLICATIONS,APPLICATION_STATUS,TEXT,13
S_WORKDAY,ATS_APPLICATIONS,SOURCE_CATEGORY,TEXT,18
S_WORKDAY,ATS_APPLICATIONS,HIRED,TEXT,22
S_WORKDAY,ATS_OFFERS,APPLICATION_WID,TEXT,2
S_WORKDAY,ATS_OFFERS,ANTICIPATED_RELOCATION_DATE,TEXT,8
S_WORKDAY,ATS_OFFERS,PROPOSED_HIRE_DATE,DATE,9
S_WORKDAY,ATS_OFFERS,LOCATION,TEXT,11
S_WORKDAY,ATS_REQUISITIONS,MANAGER_NAME,TEXT,6
S_WORKDAY,ATS_REQUISITIONS,MANAGER_EEID,NUMBER,7
S_WORKDAY,ATS_REQUISITIONS,REGION,TEXT,10
S_WORKDAY,ATS_REQUISITIONS,WORKER_TYPE,TEXT,17
S_WORKDAY,ATS_REQUISITIONS,LOCATION,TEXT,23
S_WORKDAY,ATS_REQUISITIONS,LOCATION_HIERARCHY,TEXT,25
S_WORKDAY,ATS_REQUISITIONS,ADDITIONAL_LOCATIONS,TEXT,26
S_WORKDAY,ATS_REQUISITIONS,EMPLOYEE_TYPE,TEXT,27
S_WORKDAY,FC_MONTHLY_REVIEW_COMPLETION,EMPLOYEE_ID,NUMBER,1
S_WORKDAY,FC_MONTHLY_REVIEW_COMPLETION,MANAGER_ID,NUMBER,2
S_WORKDAY,FC_MONTHLY_REVIEW_COMPLETION,MANAGER_NAME,TEXT,3
S_WORKDAY,FC_MONTHLY_REVIEW_COMPLETION_STAGE,EMPLOYEE_ID,NUMBER,1
S_WORKDAY,FC_MONTHLY_REVIEW_COMPLETION_STAGE,MANAGER_ID,NUMBER,2
S_WORKDAY,FC_MONTHLY_REVIEW_COMPLETION_STAGE,MANAGER_NAME,TEXT,3
S_WORKDAY,MANAGER_HIERARCHY,EMPLOYEE_ID,NUMBER,2
S_WORKDAY,MANAGER_HIERARCHY,USERNAME_MANAGER_01,TEXT,3
S_WORKDAY,MANAGER_HIERARCHY,MANAGER_NAME_01,TEXT,4
S_WORKDAY,MANAGER_HIERARCHY,USERNAME_MANAGER_02,TEXT,5
S_WORKDAY,MANAGER_HIERARCHY,MANAGER_NAME_02,TEXT,6
S_WORKDAY,MANAGER_HIERARCHY,USERNAME_MANAGER_03,TEXT,7
S_WORKDAY,MANAGER_HIERARCHY,MANAGER_NAME_03,TEXT,8
S_WORKDAY,MANAGER_HIERARCHY,USERNAME_MANAGER_04,TEXT,9
S_WORKDAY,MANAGER_HIERARCHY,MANAGER_NAME_04,TEXT,10
S_WORKDAY,MANAGER_HIERARCHY,USERNAME_MANAGER_05,TEXT,11
S_WORKDAY,MANAGER_HIERARCHY,MANAGER_NAME_05,TEXT,12
S_WORKDAY,MANAGER_HIERARCHY,USERNAME_MANAGER_06,TEXT,13
S_WORKDAY,MANAGER_HIERARCHY,MANAGER_NAME_06,TEXT,14
S_WORKDAY,MANAGER_HIERARCHY,USERNAME_MANAGER_07,TEXT,15
S_WORKDAY,MANAGER_HIERARCHY,MANAGER_NAME_07,TEXT,16
S_WORKDAY,MANAGER_HIERARCHY,USERNAME_MANAGER_08,TEXT,17
S_WORKDAY,MANAGER_HIERARCHY,MANAGER_NAME_08,TEXT,18
S_WORKDAY,MANAGER_HIERARCHY,USERNAME_MANAGER_09,TEXT,19
S_WORKDAY,MANAGER_HIERARCHY,MANAGER_NAME_09,TEXT,20
S_WORKDAY,MANAGER_HIERARCHY,USERNAME_MANAGER_10,TEXT,21
S_WORKDAY,MANAGER_HIERARCHY,MANAGER_NAME_10,TEXT,22
S_WORKDAY,MANAGER_HIERARCHY_TRENDED,NEW_MGR_USERNAME,TEXT,6
S_WORKDAY,MANAGER_HIERARCHY_TRENDED,MANAGER,TEXT,7
S_WORKDAY,MANAGER_HIERARCHY_TRENDED,HIRE_DATE,DATE,8
S_WORKDAY,MANAGER_HIERARCHY_TRENDED,EMPLOYEE_ID,NUMBER,10
S_WORKDAY,MANAGER_HIERARCHY_TRENDED,MANAGER_USERNAME_01,TEXT,11
S_WORKDAY,MANAGER_HIERARCHY_TRENDED,MANAGER_NAME_01,TEXT,12
S_WORKDAY,MANAGER_HIERARCHY_TRENDED,MANAGER_USERNAME_02,TEXT,13
S_WORKDAY,MANAGER_HIERARCHY_TRENDED,MANAGER_NAME_02,TEXT,14
S_WORKDAY,MANAGER_HIERARCHY_TRENDED,MANAGER_USERNAME_03,TEXT,15
S_WORKDAY,MANAGER_HIERARCHY_TRENDED,MANAGER_NAME_03,TEXT,16
S_WORKDAY,MANAGER_HIERARCHY_TRENDED,MANAGER_USERNAME_04,TEXT,17
S_WORKDAY,MANAGER_HIERARCHY_TRENDED,MANAGER_NAME_04,TEXT,18
S_WORKDAY,MANAGER_HIERARCHY_TRENDED,MANAGER_USERNAME_05,TEXT,19
S_WORKDAY,MANAGER_HIERARCHY_TRENDED,MANAGER_NAME_05,TEXT,20
S_WORKDAY,MANAGER_HIERARCHY_TRENDED,MANAGER_USERNAME_06,TEXT,21
S_WORKDAY,MANAGER_HIERARCHY_TRENDED,MANAGER_NAME_06,TEXT,22
S_WORKDAY,MANAGER_HIERARCHY_TRENDED,MANAGER_USERNAME_07,TEXT,23
S_WORKDAY,MANAGER_HIERARCHY_TRENDED,MANAGER_NAME_07,TEXT,24
S_WORKDAY,MANAGER_HIERARCHY_TRENDED,MANAGER_USERNAME_08,TEXT,25
S_WORKDAY,MANAGER_HIERARCHY_TRENDED,MANAGER_NAME_08,TEXT,26
S_WORKDAY,MANAGER_HIERARCHY_TRENDED,MANAGER_USERNAME_09,TEXT,27
S_WORKDAY,MANAGER_HIERARCHY_TRENDED,MANAGER_NAME_09,TEXT,28
S_WORKDAY,MANAGER_HIERARCHY_TRENDED,MANAGER_USERNAME_10,TEXT,29
S_WORKDAY,MANAGER_HIERARCHY_TRENDED,MANAGER_NAME_10,TEXT,30
S_WORKDAY,MANAGER_HISTORY,EMPLOYEE_NAME,TEXT,1
S_WORKDAY,MANAGER_HISTORY,EMPLOYEE_ID,NUMBER,2
S_WORKDAY,MANAGER_HISTORY,MANAGER_EMPLOYEE_ID,NUMBER,4
S_WORKDAY,MANAGER_HISTORY,MANAGER_NAME,TEXT,5
S_WORKDAY,V_WORKDAY_TRENDED,EMPLOYEE_ID,NUMBER,2
S_WORKDAY,V_WORKDAY_TRENDED,EMPLOYEE_USERNAME,TEXT,7
S_WORKDAY,V_WORKDAY_TRENDED,EMPLOYEE_TYPE,TEXT,10
S_WORKDAY,V_WORKDAY_TRENDED,IS_MANAGER,NUMBER,11
S_WORKDAY,V_WORKDAY_TRENDED,WORKER_TYPE,TEXT,12
S_WORKDAY,V_WORKDAY_TRENDED,HIRE_DATE,DATE,14
S_WORKDAY,V_WORKDAY_TRENDED,MANAGER_LEVEL_1_USERNAME,TEXT,19
S_WORKDAY,V_WORKDAY_TRENDED,MANAGER_LEVEL_1_NAME,TEXT,20
S_WORKDAY,V_WORKDAY_TRENDED,MANAGER_LEVEL_2_USERNAME,TEXT,21
S_WORKDAY,V_WORKDAY_TRENDED,MANAGER_LEVEL_2_NAME,TEXT,22
S_WORKDAY,V_WORKDAY_TRENDED,MANAGER_LEVEL_3_USERNAME,TEXT,23
S_WORKDAY,V_WORKDAY_TRENDED,MANAGER_LEVEL_3_NAME,TEXT,24
S_WORKDAY,V_WORKDAY_TRENDED,HIGHEST_DIRECTOR_USERNAME,TEXT,25
S_WORKDAY,V_WORKDAY_TRENDED,LOCATION,TEXT,29
S_WORKDAY,V_WORKDAY_TRENDED,REGION,TEXT,36
S_WORKDAY,WD_DATAMARTFEED,EMPLOYEE_ID,NUMBER,2
S_WORKDAY,WD_DATAMARTFEED,USER_NAME,TEXT,3
S_WORKDAY,WD_DATAMARTFEED,IS_MANAGER,NUMBER,9
S_WORKDAY,WD_DATAMARTFEED,WORKER_TYPE,TEXT,15
S_WORKDAY,WD_DATAMARTFEED,PREHIRE_ID,TEXT,16
S_WORKDAY,WD_DATAMARTFEED,EMPLOYEE_TYPE,TEXT,18
S_WORKDAY,WD_DATAMARTFEED,ORIGINAL_HIRE_DATE,DATE,20
S_WORKDAY,WD_DATAMARTFEED,HIRE_DATE,DATE,21
S_WORKDAY,WD_DATAMARTFEED,EMPLOYEE_STATUS_DETAIL,TEXT,25
S_WORKDAY,WD_DATAMARTFEED,MANAGER_LEVEL_1,TEXT,26
S_WORKDAY,WD_DATAMARTFEED,MANAGER_LEVEL_1_USERNAME,TEXT,27
S_WORKDAY,WD_DATAMARTFEED,MANAGER_LEVEL_2,TEXT,28
S_WORKDAY,WD_DATAMARTFEED,MANAGER_LEVEL_2_USERNAME,TEXT,29
S_WORKDAY,WD_DATAMARTFEED,MANAGER_LEVEL_3,TEXT,30
S_WORKDAY,WD_DATAMARTFEED,MANAGER_LEVEL_3_USERNAME,TEXT,31
S_WORKDAY,WD_DATAMARTFEED,HIGHEST_DIRECTOR_USERNAME,TEXT,33
S_WORKDAY,WD_DATAMARTFEED,LOCATION,TEXT,42
S_WORKDAY,WD_DATAMARTFEED,REGION,TEXT,50
S_WORKDAY,WD_DATAMARTFEED,LOA,BOOLEAN,53
S_WORKDAY,WD_DATAMARTFEED,LOA_TYPE,TEXT,54
S_WORKDAY,WD_DATAMARTFEED,LOA_REFERENCE_ID,TEXT,63
S_WORKDAY,WD_DATAMARTFEED_TRENDED,EMPLOYEE_ID,NUMBER,2
S_WORKDAY,WD_DATAMARTFEED_TRENDED,DUPLICATE,NUMBER,9
S_WORKDAY,WD_DATAMARTFEED_TRENDED,USER_NAME,TEXT,11
S_WORKDAY,WD_DATAMARTFEED_TRENDED,EMPLOYEE_TYPE,TEXT,14
S_WORKDAY,WD_DATAMARTFEED_TRENDED,IS_MANAGER,NUMBER,15
S_WORKDAY,WD_DATAMARTFEED_TRENDED,WORKER_TYPE,TEXT,16
S_WORKDAY,WD_DATAMARTFEED_TRENDED,HIRE_DATE,DATE,24
S_WORKDAY,WD_DATAMARTFEED_TRENDED,MANAGER_LEVEL_1_USERNAME,TEXT,29
S_WORKDAY,WD_DATAMARTFEED_TRENDED,MANAGER_LEVEL_1_NAME,TEXT,30
S_WORKDAY,WD_DATAMARTFEED_TRENDED,MANAGER_LEVEL_2_USERNAME,TEXT,31
S_WORKDAY,WD_DATAMARTFEED_TRENDED,MANAGER_LEVEL_2_NAME,TEXT,32
S_WORKDAY,WD_DATAMARTFEED_TRENDED,MANAGER_LEVEL_3_USERNAME,TEXT,33
S_WORKDAY,WD_DATAMARTFEED_TRENDED,MANAGER_LEVEL_3_NAME,TEXT,34
S_WORKDAY,WD_DATAMARTFEED_TRENDED,HIGHEST_DIRECTOR_USERNAME,TEXT,35
S_WORKDAY,WD_DATAMARTFEED_TRENDED,LOCATION_CODE,TEXT,45
S_WORKDAY,WD_DATAMARTFEED_TRENDED,REGION,TEXT,52
S_WORKDAY,WD_EVENT_CATEGORIES,EVENT_CLASSIFICATION,TEXT,3
S_WORKDAY,WD_EVENT_CATEGORIES,REASON_CATEGORY,TEXT,4
S_WORKDAY,WD_EVENT_CATEGORIES,EVENT_CLASSIFICATION_CATEGORY,TEXT,5
S_WORKDAY,WD_EVENT_CATEGORIES,EVENT_CLASSIFICATION_SUBCATEGORY,TEXT,6
S_WORKDAY,WD_EVENT_CATEGORIES,MANAGER_REASON,TEXT,7
S_WORKDAY,WD_FWA,EMPLOYEE_ID,NUMBER,1
S_WORKDAY,WD_LOCATION,LOCATION_NAME,TEXT,5
S_WORKDAY,WD_LOCATION,LOCATION_USAGE,TEXT,11
S_WORKDAY,WD_LOCATION,LOCATION_TYPE,TEXT,12
S_WORKDAY,WD_LOCATION,COUNTRY_REGION,TEXT,18
S_WORKDAY,WD_LOCATION,REGION_ID,TEXT,19
S_WORKDAY,WD_LOCATION,LOCATION_WORKER_COUNT,NUMBER,23
S_WORKDAY,WD_LOCATION,LOCATION_OR_LOCATION_HIERARCHY_CONTAINER,TEXT,25
S_WORKDAY,WD_OPENINGS,MANAGER_NAME,TEXT,6
S_WORKDAY,WD_OPENINGS,MANAGER_EMPLOYEE_ID,NUMBER,7
S_WORKDAY,WD_OPENINGS,REGION,TEXT,9
S_WORKDAY,WD_OPENINGS,WORKER_TYPE,TEXT,16
S_WORKDAY,WD_OPENINGS,LOCATION,TEXT,22
S_WORKDAY,WD_OPENINGS,EMPLOYEE_TYPE,TEXT,23
S_WORKDAY,WD_REQUISITIONS,MANAGER_NAME,TEXT,3
S_WORKDAY,WD_REQUISITIONS,MANAGER_EMPLOYEE_ID,NUMBER,4
S_WORKDAY,WD_REQUISITIONS,REGION,TEXT,6
S_WORKDAY,WD_REQUISITIONS,WORKER_TYPE,TEXT,12
S_WORKDAY,WD_REQUISITIONS,LOCATION,TEXT,17
S_WORKDAY,WD_REQUISITIONS,EMPLOYEE_TYPE,TEXT,18
S_WORKDAY,WD_REQUISITIONS_OLD,MANAGER_NAME,TEXT,3
S_WORKDAY,WD_REQUISITIONS_OLD,MANAGER_EMPLOYEE_ID,NUMBER,4
S_WORKDAY,WD_REQUISITIONS_OLD,REGION,TEXT,6
S_WORKDAY,WD_REQUISITIONS_OLD,WORKER_TYPE,TEXT,12
S_WORKDAY,WD_REQUISITIONS_OLD,LOCATION,TEXT,17
S_WORKDAY,WD_REQUISITIONS_OLD,EMPLOYEE_TYPE,TEXT,18
S_WORKDAY,WD_SCHEDULED_PROCESSES,USER_DISABLED,NUMBER,6
S_WORKDAY,WD_SECURITY,EMPLOYEE_USERNAME,TEXT,1
S_WORKDAY,WD_SECURITY,EMPLOYEE_ID,NUMBER,2
S_WORKDAY,WD_SECURITY,HR_PARTNER_USERNAME,TEXT,3
S_WORKDAY,WD_SECURITY,HR_PARTNER_EMPLOYEE_ID,NUMBER,4
S_WORKDAY,WORKDAY_CALIBRATION,EMPLOYEE_ID,NUMBER,1
S_WORKDAY,WORKDAY_PROMOTIONS,EMPLOYEE_ID,NUMBER,1
S_WORKDAY,WORKDAY_PROMOTIONS,HIRE_DATE,TIMESTAMP_NTZ,2
S_WORKDAY,WORKDAY_TRENDED,EMPLOYEE_ID,NUMBER,2
S_WORKDAY,WORKDAY_TRENDED,EMPLOYEE_USERNAME,TEXT,5
S_WORKDAY,WORKDAY_TRENDED,IS_MANAGER,NUMBER,11
S_WORKDAY,WORKDAY_TRENDED,WORKER_TYPE,TEXT,17
S_WORKDAY,WORKDAY_TRENDED,PREHIRE_ID,TEXT,18
S_WORKDAY,WORKDAY_TRENDED,EMPLOYEE_TYPE,TEXT,20
S_WORKDAY,WORKDAY_TRENDED,ORIGINAL_HIRE_DATE,DATE,22
S_WORKDAY,WORKDAY_TRENDED,HIRE_DATE,DATE,23
S_WORKDAY,WORKDAY_TRENDED,EMPLOYEE_STATUS_DETAIL,TEXT,27
S_WORKDAY,WORKDAY_TRENDED,MANAGER_LEVEL_1_NAME,TEXT,28
S_WORKDAY,WORKDAY_TRENDED,MANAGER_LEVEL_1_USERNAME,TEXT,29
S_WORKDAY,WORKDAY_TRENDED,MANAGER_LEVEL_2_NAME,TEXT,30
S_WORKDAY,WORKDAY_TRENDED,MANAGER_LEVEL_2_USERNAME,TEXT,31
S_WORKDAY,WORKDAY_TRENDED,MANAGER_LEVEL_3_NAME,TEXT,32
S_WORKDAY,WORKDAY_TRENDED,MANAGER_LEVEL_3_USERNAME,TEXT,33
S_WORKDAY,WORKDAY_TRENDED,HIGHEST_DIRECTOR_USERNAME,TEXT,35
S_WORKDAY,WORKDAY_TRENDED,LOCATION,TEXT,44
S_WORKDAY,WORKDAY_TRENDED,REGION,TEXT,52
S_WORKDAY,WORKDAY_TRENDED,LOA,BOOLEAN,60
S_WORKDAY,WORKDAY_TRENDED,LOA_TYPE,TEXT,61
S_WORKDAY,WORKDAY_TRENDED,LOA_REFERENCE_ID,TEXT,70
S_WORKDAY,WORKDAY_TRENDED_OLD,EMPLOYEE_ID,NUMBER,2
S_WORKDAY,WORKDAY_TRENDED_OLD,EMPLOYEE_USERNAME,TEXT,7
S_WORKDAY,WORKDAY_TRENDED_OLD,EMPLOYEE_TYPE,TEXT,10
S_WORKDAY,WORKDAY_TRENDED_OLD,IS_MANAGER,NUMBER,11
S_WORKDAY,WORKDAY_TRENDED_OLD,WORKER_TYPE,TEXT,12
S_WORKDAY,WORKDAY_TRENDED_OLD,HIRE_DATE,DATE,20
S_WORKDAY,WORKDAY_TRENDED_OLD,MANAGER_LEVEL_1_USERNAME,TEXT,25
S_WORKDAY,WORKDAY_TRENDED_OLD,MANAGER_LEVEL_1_NAME,TEXT,26
S_WORKDAY,WORKDAY_TRENDED_OLD,MANAGER_LEVEL_2_USERNAME,TEXT,27
S_WORKDAY,WORKDAY_TRENDED_OLD,MANAGER_LEVEL_2_NAME,TEXT,28
S_WORKDAY,WORKDAY_TRENDED_OLD,MANAGER_LEVEL_3_USERNAME,TEXT,29
S_WORKDAY,WORKDAY_TRENDED_OLD,MANAGER_LEVEL_3_NAME,TEXT,30
S_WORKDAY,WORKDAY_TRENDED_OLD,HIGHEST_DIRECTOR_USERNAME,TEXT,31
S_WORKDAY,WORKDAY_TRENDED_OLD,LOCATION,TEXT,41
S_WORKDAY,WORKDAY_TRENDED_OLD,REGION,TEXT,48
S_WORKDAY,WORKDAY_TRENDED_STAGE_OLD,EMPLOYEE_ID,NUMBER,2
S_WORKDAY,WORKDAY_TRENDED_STAGE_OLD,EMPLOYEE_USERNAME,TEXT,6
S_WORKDAY,WORKDAY_TRENDED_STAGE_OLD,EMPLOYEE_TYPE,TEXT,9
S_WORKDAY,WORKDAY_TRENDED_STAGE_OLD,IS_MANAGER,NUMBER,10
S_WORKDAY,WORKDAY_TRENDED_STAGE_OLD,WORKER_TYPE,TEXT,11
S_WORKDAY,WORKDAY_TRENDED_STAGE_OLD,HIRE_DATE,DATE,19
S_WORKDAY,WORKDAY_TRENDED_STAGE_OLD,MANAGER_LEVEL_1_USERNAME,TEXT,24
S_WORKDAY,WORKDAY_TRENDED_STAGE_OLD,MANAGER_LEVEL_1_NAME,TEXT,25
S_WORKDAY,WORKDAY_TRENDED_STAGE_OLD,MANAGER_LEVEL_2_USERNAME,TEXT,26
S_WORKDAY,WORKDAY_TRENDED_STAGE_OLD,MANAGER_LEVEL_2_NAME,TEXT,27
S_WORKDAY,WORKDAY_TRENDED_STAGE_OLD,MANAGER_LEVEL_3_USERNAME,TEXT,28
S_WORKDAY,WORKDAY_TRENDED_STAGE_OLD,MANAGER_LEVEL_3_NAME,TEXT,29
S_WORKDAY,WORKDAY_TRENDED_STAGE_OLD,HIGHEST_DIRECTOR_USERNAME,TEXT,30
S_WORKDAY,WORKDAY_TRENDED_STAGE_OLD,LOCATION,TEXT,40
S_WORKDAY,WORKDAY_TRENDED_STAGE_OLD,REGION,TEXT,47
